"","state","year","licensed_physician","hospital_if","second_physician_if","prohibited_except_death_if","partial_birth_ban","fund_all_most","fund_life_rape_incest","priv_insurance_limit","indiv_prov_refuse","instit_prov_refuse","mandate_breast_cancer","mandate_fetal_pain","mandate_neg_psych","hr_wait_post_counseling","parental_involv_minors","as_of","accessed"
"1","AL",2006,"X","Viability","Viability","Viability*","▼","","X","","","","","","","24","Consent",2006-01-01,2006-01-25
"2","AK",2006,"X","","","","▼","X","","","X","Private","","","","","▼",2006-01-01,2006-01-25
"3","AZ",2006,"X","","Viability","Viability","▼","X","","","X","X","","","","","Consent",2006-01-01,2006-01-25
"4","AR",2006,"X","","Viability","Viability†","▼","","X","","X","X","","XФ","X","Day Before","Consent",2006-01-01,2006-01-25
"5","CA",2006,"X","","","Viability","","X","","","X","Religious","","","","","▼",2006-01-01,2006-01-25
"6","CO",2006,"X","","","","","","X","","X","X","","","","","Notice",2006-01-01,2006-01-25
"7","CT",2006,"X","Viability","","Viability","","X","","","X","","","","","","",2006-01-01,2006-01-25
"8","DE",2006,"","","","▼‡","","","X","","X","X","","","","▼","Noticeξ",2006-01-01,2006-01-25
"9","DC",2006,"","","","","","","X","","","","","","","","",2006-01-01,2006-01-25
"10","FL",2006,"X","","24 weeks","24 weeks","▼","","X","","X","X","","","","","Notice",2006-01-01,2006-01-25
"11","GA",2006,"X","","3rd trimester","3rd trimester","Postviability","","X","","X","X","","X","","24","Notice",2006-01-01,2006-01-25
"12","HI",2006,"X","","","","","X","","","X","X","","","","","",2006-01-01,2006-01-25
"13","ID",2006,"X","Viability","3rd trimester","Viability‡","▼","","X","X","X","X","","","","24","§",2006-01-01,2006-01-25
"14","IL",2006,"X","","Viability","Viability","▼","X","","","X","Private","","X","","","▼",2006-01-01,2006-01-25
"15","IN",2006,"X","2nd trimester","Viability","Viability*","Ψ","","X*","","X","Private","","","","18","Consent",2006-01-01,2006-01-25
"16","IA",2006,"X","","","3rd trimester","▼","","XΩ","","X","Private","","","","","Notice",2006-01-01,2006-01-25
"17","KS",2006,"","","Viability","Viability","Postviability","","X","","X","X","","","","24","Notice",2006-01-01,2006-01-25
"18","KY",2006,"","2nd trimester","","Viability","▼","","X","X","X","X","","","","24","Consent",2006-01-01,2006-01-25
"19","LA",2006,"X","","Viability","Viability","▼","","X","","X","X","","","","24","Consent",2006-01-01,2006-01-25
"20","ME",2006,"X","","","Viability","","","X","","X","X","","","","","",2006-01-01,2006-01-25
"21","MD",2006,"X","","","ViabilityΩ","","X","","","X","X","","","","","Noticeξ",2006-01-01,2006-01-25
"22","MA",2006,"X","12 weeks","","24 weeks","","X","","","X","X","","","","▼","Consent",2006-01-01,2006-01-25
"23","MI",2006,"X","","","Viability‡","▼","","X","","X","X","","","","24","Consent",2006-01-01,2006-01-25
"24","MN",2006,"X","2nd trimester","▼","▼","","X","","","X","Private","X","XФ","","24","Noticeþ",2006-01-01,2006-01-25
"25","MS",2006,"X","","","","Ψ","","XΩ","","X","X","X","","","24","Consentþ",2006-01-01,2006-01-25
"26","MO",2006,"X","Viability","Viability","Viability","▼","","X","X","X","X","","","","24","Consent",2006-01-01,2006-01-25
"27","MT",2006,"","","Viability","Viability*","Ψ","X","","","X","Private","","","","▼","▼",2006-01-01,2006-01-25
"28","NE",2006,"X","","","Viability","▼","","X","","X","X","","","","24","Notice",2006-01-01,2006-01-25
"29","NV",2006,"X","24 weeks","","24 weeks","","","X","","X","Private","","","X","","▼",2006-01-01,2006-01-25
"30","NH",2006,"","","","","","","X","","","","","","","","▼",2006-01-01,2006-01-25
"31","NJ",2006,"X","14 weeks","","","▼","X","","","X","Private","","","","","▼",2006-01-01,2006-01-25
"32","NM",2006,"","","","","Postviability","X","","","X","X","","","","","▼",2006-01-01,2006-01-25
"33","NY",2006,"","12 weeks","24 weeks","24 weeks‡","","X","","","X","","","","","","",2006-01-01,2006-01-25
"34","NC",2006,"X","20 weeks","","20 weeks","","","X","","X","X","","","","","Consent",2006-01-01,2006-01-25
"35","ND",2006,"X","12 weeks","12 weeks","Viability","Ψ","","X","X","X","X","","","","24","Consent",2006-01-01,2006-01-25
"36","OH",2006,"X","","▼","▼*","Entire Pregnancy","","X","","X","X","","","","24","Consent",2006-01-01,2006-01-25
"37","OK",2006,"X","2nd trimester","Viability","Viability","Ψ","","X","","X","Private","","","","24","Notice",2006-01-01,2006-01-25
"38","OR",2006,"","","","","","X","","","X","Private","","","","","",2006-01-01,2006-01-25
"39","PA",2006,"X","Viability","Viability","24 weeks*","","","X","","X","Private","","","","24","Consent",2006-01-01,2006-01-25
"40","RI",2006,"X","14 weeks","","24 weeks‡","▼","","X","▼","X","","","","","","Consent",2006-01-01,2006-01-25
"41","SC",2006,"X","2nd trimester","3rd trimester","3rd trimester","Ψ","","X","","X","Private","","","","1","Consent",2006-01-01,2006-01-25
"42","SD",2006,"X","24 weeks","","24 weeks","Ψ","","Life Only","","X","X","","","▼","24","Notice",2006-01-01,2006-01-25
"43","TN",2006,"X","","","Viability","Ψ","","X","","X","X","","","","▼","Consent",2006-01-01,2006-01-25
"44","TX",2006,"X","","","3rd trimester","","","X","","X","Private","X","","","24","Consent",2006-01-01,2006-01-25
"45","UT",2006,"X","90 days","","▼*","§","","X*,.Ω","","X","Private","","","","24◊","Notice",2006-01-01,2006-01-25
"46","VT",2006,"","","","","","X","","","","","","","","","",2006-01-01,2006-01-25
"47","VA",2006,"X","2nd trimester","Viability","3rd trimester","▼","","XΩ","","X","X","","","","24","Consent",2006-01-01,2006-01-25
"48","WA",2006,"","","","Viability","","X","","","X","X","","","","","",2006-01-01,2006-01-25
"49","WV",2006,"","","","","▼","X","","","","","","","","24","Noticeξ",2006-01-01,2006-01-25
"50","WI",2006,"X","12 weeks","","Viability","▼","","X*","","X","X","","","X","24","Consentξ",2006-01-01,2006-01-25
"51","WY",2006,"X","","","Viability","","","X","","X","Private","","","","","Consent",2006-01-01,2006-01-25
"52","AL",2007,"X","Viability","Viability","Viability*","▼","","X","","","","","","","24","Consent",2007-03-01,2007-03-06
"53","AK",2007,"X","","","","▼","X","","","X","Private","","","","","▼",2007-03-01,2007-03-06
"54","AZ",2007,"X","","Viability","Viability","▼","X","","","X","X","","","","","Consent",2007-03-01,2007-03-06
"55","AR",2007,"X","","Viability","Viability†","▼","","X","","X","X","","XФ","X","Day Before","Consent",2007-03-01,2007-03-06
"56","CA",2007,"X","","","Viability","","X","","","X","Religious","","","","","▼",2007-03-01,2007-03-06
"57","CO",2007,"X","","","","","","X","","X","X","","","","","Notice",2007-03-01,2007-03-06
"58","CT",2007,"X","Viability","","Viability","","X","","","X","","","","","","",2007-03-01,2007-03-06
"59","DE",2007,"","","","▼‡","","","X","","X","X","","","","▼","Noticeξ",2007-03-01,2007-03-06
"60","DC",2007,"","","","","","","X","","","","","","","","",2007-03-01,2007-03-06
"61","FL",2007,"X","","24 weeks","24 weeks","▼","","X","","X","X","","","","","Notice",2007-03-01,2007-03-06
"62","GA",2007,"X","","3rd trimester","3rd trimester","Postviability","","X","","X","X","","X","","24","Notice",2007-03-01,2007-03-06
"63","HI",2007,"X","","","","","X","","","X","X","","","","","",2007-03-01,2007-03-06
"64","ID",2007,"X","Viability","3rd trimester","Viability‡","▼","","X","X","X","X","","","","24","§",2007-03-01,2007-03-06
"65","IL",2007,"X","","Viability","Viability","▼","X","","","X","Private","","X","","","▼",2007-03-01,2007-03-06
"66","IN",2007,"X","2nd trimester","Viability","Viability*","Ψ","","X*","","X","Private","","","","18","Consent",2007-03-01,2007-03-06
"67","IA",2007,"X","","","3rd trimester","▼","","XΩ","","X","Private","","","","","Notice",2007-03-01,2007-03-06
"68","KS",2007,"","","Viability","Viability","Postviability","","X","","X","X","","","","24","Notice",2007-03-01,2007-03-06
"69","KY",2007,"","2nd trimester","","Viability","▼","","X","X","X","X","","","","24","Consent",2007-03-01,2007-03-06
"70","LA",2007,"X","","Viability","Viability","▼","","X","","X","X","","","","24","Consent",2007-03-01,2007-03-06
"71","ME",2007,"X","","","Viability","","","X","","X","X","","","","","",2007-03-01,2007-03-06
"72","MD",2007,"X","","","ViabilityΩ","","X","","","X","X","","","","","Noticeξ",2007-03-01,2007-03-06
"73","MA",2007,"X","12 weeks","","24 weeks","","X","","","X","X","","","","▼","Consent",2007-03-01,2007-03-06
"74","MI",2007,"X","","","Viability‡","▼","","X","","X","X","","","","24","Consent",2007-03-01,2007-03-06
"75","MN",2007,"X","2nd trimester","▼","▼","","X","","","X","Private","X","XФ","","24","Noticeþ",2007-03-01,2007-03-06
"76","MS",2007,"X","","","","Ψ","","XΩ","","X","X","X","","","24","Consentþ",2007-03-01,2007-03-06
"77","MO",2007,"X","Viability","Viability","Viability","▼","","X","X","X","X","","","","24","Consent",2007-03-01,2007-03-06
"78","MT",2007,"","","Viability","Viability*","Ψ","X","","","X","Private","","","","▼","▼",2007-03-01,2007-03-06
"79","NE",2007,"X","","","Viability","▼","","X","","X","X","","","","24","Notice",2007-03-01,2007-03-06
"80","NV",2007,"X","24 weeks","","24 weeks","","","X","","X","Private","","","X","","▼",2007-03-01,2007-03-06
"81","NH",2007,"","","","","","","X","","","","","","","","▼",2007-03-01,2007-03-06
"82","NJ",2007,"X","14 weeks","","","▼","X","","","X","Private","","","","","▼",2007-03-01,2007-03-06
"83","NM",2007,"","","","","Postviability","X","","","X","X","","","","","▼",2007-03-01,2007-03-06
"84","NY",2007,"","","24 weeks","24 weeks‡","","X","","","X","","","","","","",2007-03-01,2007-03-06
"85","NC",2007,"X","20 weeks","","20 weeks","","","X","","X","X","","","","","Consent",2007-03-01,2007-03-06
"86","ND",2007,"X","12 weeks","12 weeks","Viability","Ψ","","X","X","X","X","","","","24","Consent",2007-03-01,2007-03-06
"87","OH",2007,"X","","▼","▼*","Entire Pregnancy","","X","","X","X","","","","24","Consent",2007-03-01,2007-03-06
"88","OK",2007,"X","2nd trimester","Viability","Viability","Ψ","","X","","X","Private","","","","24","onsent and Notic",2007-03-01,2007-03-06
"89","OR",2007,"","","","","","X","","","X","Private","","","","","",2007-03-01,2007-03-06
"90","PA",2007,"X","Viability","Viability","24 weeks*","","","X","","X","Private","","","","24","Consent",2007-03-01,2007-03-06
"91","RI",2007,"X","","","24 weeks‡","▼","","X","▼","X","","","","","","Consent",2007-03-01,2007-03-06
"92","SC",2007,"X","3rd trimester","3rd trimester","3rd trimester","Ψ","","X","","X","Private","","","","1","Consent",2007-03-01,2007-03-06
"93","SD",2007,"X","24 weeks","","24 weeks","Ψ","","Life Only","","X","X","","","▼","24","Notice",2007-03-01,2007-03-06
"94","TN",2007,"X","","","Viability","Ψ","","X","","X","X","","","","▼","Consent",2007-03-01,2007-03-06
"95","TX",2007,"X","","","3rd trimester","","","X","","X","Private","X","","","24","Consent",2007-03-01,2007-03-06
"96","UT",2007,"X","90 days","","▼*","§","","X*,.Ω","","X","Private","","","","24◊","onsent and Notic",2007-03-01,2007-03-06
"97","VT",2007,"","","","","","X","","","","","","","","","",2007-03-01,2007-03-06
"98","VA",2007,"X","2nd trimester","Viability","3rd trimester","▼","","XΩ","","X","X","","","","24","Consent",2007-03-01,2007-03-06
"99","WA",2007,"","","","Viability","","X","","","X","X","","","","","",2007-03-01,2007-03-06
"100","WV",2007,"","","","","▼","X","","","","","","","","24","Noticeξ",2007-03-01,2007-03-06
"101","WI",2007,"X","12 weeks","","Viability","▼","","X*","","X","X","","","X","24","Consentξ",2007-03-01,2007-03-06
"102","WY",2007,"X","","","Viability","","","X","","X","Private","","","","","Consent",2007-03-01,2007-03-06
"103","AL",2008,"X","Viability","Viability","Viability*","▼","","X","","","","","","","24","Consent",2008-02-01,2008-02-27
"104","AK",2008,"X","","","","▼","X","","","X","Private","X","X","","","▼",2008-02-01,2008-02-27
"105","AZ",2008,"X","","Viability","Viability","▼","X","","","X","X","","","","","Consent",2008-02-01,2008-02-27
"106","AR",2008,"X","","Viability","Viability†","▼","","X","","X","X","","X","","Day Before","Consent",2008-02-01,2008-02-27
"107","CA",2008,"X","","","Viability","","X","","","X","Religious","","","","","▼",2008-02-01,2008-02-27
"108","CO",2008,"X","","","","","","X","","X","X","","","","","Notice",2008-02-01,2008-02-27
"109","CT",2008,"X","Viability","","Viability","","X","","","X","","","","","","",2008-02-01,2008-02-27
"110","DE",2008,"","","","▼‡","","","X","","X","X","","","","▼","Noticeξ",2008-02-01,2008-02-27
"111","DC",2008,"","","","","","","X","","","","","","","","",2008-02-01,2008-02-27
"112","FL",2008,"X","","24 weeks","24 weeks","▼","","X","","X","X","","","","","Notice",2008-02-01,2008-02-27
"113","GA",2008,"X","","3rd trimester","3rd trimester","Postviability","","X","","X","X","","X","","24","Notice",2008-02-01,2008-02-27
"114","HI",2008,"X","","","","","X","","","X","X","","","","","",2008-02-01,2008-02-27
"115","ID",2008,"X","Viability","3rd trimester","Viability‡","▼","","X","X","X","X","","","","24","Consent",2008-02-01,2008-02-27
"116","IL",2008,"X","","Viability","Viability","▼","X","","","X","Private","","","","","▼",2008-02-01,2008-02-27
"117","IN",2008,"X","2nd trimester","Viability","Viability*","X","","X*","","X","Private","","","","18","Consent",2008-02-01,2008-02-27
"118","IA",2008,"X","","","3rd trimester","▼","","XΩ","","X","Private","","","","","Notice",2008-02-01,2008-02-27
"119","KS",2008,"","","Viability","Viability","Postviability","","X","","X","X","X","","","24","Notice",2008-02-01,2008-02-27
"120","KY",2008,"","2nd trimester","","Viability","▼","","X","X","X","X","","","","24","Consent",2008-02-01,2008-02-27
"121","LA",2008,"X","","Viability","Viability","X","","X","","X","X","","X","","24","Consent",2008-02-01,2008-02-27
"122","ME",2008,"X","","","Viability","","","X","","X","X","","","","","",2008-02-01,2008-02-27
"123","MD",2008,"X","","","ViabilityΩ","","X","","","X","X","","","","","Noticeξ",2008-02-01,2008-02-27
"124","MA",2008,"X","12 weeks","","24 weeks","","X","","","X","X","","","","▼","Consent",2008-02-01,2008-02-27
"125","MI",2008,"X","","","Viability‡","▼","","X","","X","X","","","X","24","Consent",2008-02-01,2008-02-27
"126","MN",2008,"X","2nd trimester","▼","▼","","X","","","X","Private","","X","","24","Noticeþ",2008-02-01,2008-02-27
"127","MS",2008,"X","","","","X","","XΩ","","X","X","X","","","24","Consentþ",2008-02-01,2008-02-27
"128","MO",2008,"X","Viability","Viability","Viability","▼","","X","X","X","X","","","","24","Consent",2008-02-01,2008-02-27
"129","MT",2008,"","","Viability","Viability*","Postviability","X","","","X","Private","","","","▼","▼",2008-02-01,2008-02-27
"130","NE",2008,"X","","","Viability","▼","","X","","X","X","","","X","24","Notice",2008-02-01,2008-02-27
"131","NV",2008,"X","24 weeks","","24 weeks","","","X","","X","Private","","","","","▼",2008-02-01,2008-02-27
"132","NH",2008,"","","","","","","X","","","","","","","","",2008-02-01,2008-02-27
"133","NJ",2008,"X","14 weeks","","","▼","X","","","X","Private","","","","","▼",2008-02-01,2008-02-27
"134","NM",2008,"","","","","Postviability","X","","","X","X","","","","","▼",2008-02-01,2008-02-27
"135","NY",2008,"","","24 weeks","24 weeks‡","","X","","","X","","","","","","",2008-02-01,2008-02-27
"136","NC",2008,"X","20 weeks","","20 weeks","","","X","","X","X","","","","","Consent",2008-02-01,2008-02-27
"137","ND",2008,"X","12 weeks","12 weeks","Viability","X","","X","X","X","X","","","","24","Consentþ",2008-02-01,2008-02-27
"138","OH",2008,"X","","▼","▼*","X","","X","","X","X","","","","24","Consent",2008-02-01,2008-02-27
"139","OK",2008,"X","2nd trimester","Viability","Viability","X","","X","","X","Private","X","X","","24","onsent and Notic",2008-02-01,2008-02-27
"140","OR",2008,"","","","","","X","","","X","Private","","","","","",2008-02-01,2008-02-27
"141","PA",2008,"X","Viability","Viability","24 weeks*","","","X","","X","Private","","","","24","Consent",2008-02-01,2008-02-27
"142","RI",2008,"X","","","24 weeks‡","▼","","X","▼","X","","","","","","Consent",2008-02-01,2008-02-27
"143","SC",2008,"X","3rd trimester","3rd trimester","3rd trimester","X","","X","","X","Private","","","X","1","Consent",2008-02-01,2008-02-27
"144","SD",2008,"X","24 weeks","","24 weeks","X","","Life Only","","X","X","","X","X","24","Notice",2008-02-01,2008-02-27
"145","TN",2008,"X","","","Viability","X","","X","","X","X","","","","▼","Consent",2008-02-01,2008-02-27
"146","TX",2008,"X","","","3rd trimester","","","X","","X","Private","X","X","X","24","Consent",2008-02-01,2008-02-27
"147","UT",2008,"X","90 days","","▼*","X","","X*,.Ω","","X","Private","","","X","24◊","onsent and Notic",2008-02-01,2008-02-27
"148","VT",2008,"","","","","","X","","","","","","","","","",2008-02-01,2008-02-27
"149","VA",2008,"X","2nd trimester","Viability","3rd trimester","▼","","XΩ","","X","X","","","","24","Consent",2008-02-01,2008-02-27
"150","WA",2008,"","","","Viability","","X","","","X","X","","","","","",2008-02-01,2008-02-27
"151","WV",2008,"","","","","▼","X","","","","","X","","X","24","Noticeξ",2008-02-01,2008-02-27
"152","WI",2008,"X","12 weeks","","Viability","▼","","X*","","X","X","","","","24","Consentξ",2008-02-01,2008-02-27
"153","WY",2008,"X","","","Viability","","","X","","X","Private","","","","","Consent",2008-02-01,2008-02-27
"154","AL",2009,"X","Viability","Viability","Viability*","▼","","X","","","","","","","24","Consent",2009-02-01,2009-02-06
"155","AK",2009,"X","","","","▼","X","","","X","Private","X","X","","","▼",2009-02-01,2009-02-06
"156","AZ",2009,"","","Viability","Viability","▼","X","","","X","X","","","","","Consent",2009-02-01,2009-02-06
"157","AR",2009,"X","","Viability","Viability†","▼","","X","","X","X","","X","","Day Before","Consent",2009-02-01,2009-02-06
"158","CA",2009,"X","","","Viability","","X","","","X","Religious","","","","","▼",2009-02-01,2009-02-06
"159","CO",2009,"X","","","","","","X","","X","X","","","","","Notice",2009-02-01,2009-02-06
"160","CT",2009,"X","Viability","","Viability","","X","","","X","","","","","","",2009-02-01,2009-02-06
"161","DE",2009,"","","","▼‡","","","X","","X","X","","","","▼","Noticeξ",2009-02-01,2009-02-06
"162","DC",2009,"","","","","","","X","","","","","","","","",2009-02-01,2009-02-06
"163","FL",2009,"X","","24 weeks","24 weeks","▼","","X","","X","X","","","","","Notice",2009-02-01,2009-02-06
"164","GA",2009,"X","","3rd trimester","3rd trimester","Postviability","","X","","X","X","","X","","24","Notice",2009-02-01,2009-02-06
"165","HI",2009,"X","","","","","X","","","X","X","","","","","",2009-02-01,2009-02-06
"166","ID",2009,"X","Viability","3rd trimester","Viability‡","▼","","X","X","X","X","","","","24","Consent",2009-02-01,2009-02-06
"167","IL",2009,"X","","Viability","Viability","▼","X","","","X","Private","","","","","▼",2009-02-01,2009-02-06
"168","IN",2009,"X","2nd trimester","Viability","Viability*","X","","X*","","X","Private","","","","18","Consent",2009-02-01,2009-02-06
"169","IA",2009,"X","","","3rd trimester","▼","","XΩ","","X","Private","","","","","Notice",2009-02-01,2009-02-06
"170","KS",2009,"","","Viability","Viability","Postviability","","X","","X","X","X","","","24","Notice",2009-02-01,2009-02-06
"171","KY",2009,"","2nd trimester","","Viability","▼","","X","X","X","X","","","","24","Consent",2009-02-01,2009-02-06
"172","LA",2009,"X","","Viability","Viability","X","","X","","X","X","","X","","24","Consent",2009-02-01,2009-02-06
"173","ME",2009,"X","","","Viability","","","X","","X","X","","","","","",2009-02-01,2009-02-06
"174","MD",2009,"X","","","ViabilityΩ","","X","","","X","X","","","","","",2009-02-01,2009-02-06
"175","MA",2009,"X","12 weeks","","24 weeks","","X","","","X","X","","","","▼","Consent",2009-02-01,2009-02-06
"176","MI",2009,"X","","","Viability‡","▼","","X","","X","X","","","X","24","Consent",2009-02-01,2009-02-06
"177","MN",2009,"X","2nd trimester","▼","▼","","X","","","X","Private","","X","","24","Noticeþ",2009-02-01,2009-02-06
"178","MS",2009,"X","","","","X","","XΩ","","X","X","X","","","24","Consentþ",2009-02-01,2009-02-06
"179","MO",2009,"X","Viability","Viability","Viability","▼","","X","X","X","X","","","","24","Consent",2009-02-01,2009-02-06
"180","MT",2009,"","","Viability","Viability*","Postviability","X","","","X","Private","","","","▼","▼",2009-02-01,2009-02-06
"181","NE",2009,"X","","","Viability","▼","","X","","X","X","","","X","24","Notice",2009-02-01,2009-02-06
"182","NV",2009,"X","24 weeks","","24 weeks","","","X","","X","Private","","","","","▼",2009-02-01,2009-02-06
"183","NH",2009,"","","","","","","X","","","","","","","","",2009-02-01,2009-02-06
"184","NJ",2009,"X","14 weeks","","","▼","X","","","X","Private","","","","","▼",2009-02-01,2009-02-06
"185","NM",2009,"","","","","Postviability","X","","","X","X","","","","","▼",2009-02-01,2009-02-06
"186","NY",2009,"","","24 weeks","24 weeks‡","","X","","","X","","","","","","",2009-02-01,2009-02-06
"187","NC",2009,"X","20 weeks","","20 weeks","","","X","","X","X","","","","","Consent",2009-02-01,2009-02-06
"188","ND",2009,"X","12 weeks","12 weeks","Viability","X","","X","X","X","X","","","","24","Consentþ",2009-02-01,2009-02-06
"189","OH",2009,"X","","▼","▼*","X","","X","","X","X","","","","24","Consent",2009-02-01,2009-02-06
"190","OK",2009,"X","2nd trimester","Viability","Viability","X","","X","","X","Private","X","X","","24","onsent and Notic",2009-02-01,2009-02-06
"191","OR",2009,"","","","","","X","","","X","Private","","","","","",2009-02-01,2009-02-06
"192","PA",2009,"X","Viability","Viability","24 weeks*","","","X","","X","Private","","","","24","Consent",2009-02-01,2009-02-06
"193","RI",2009,"X","","","24 weeks‡","▼","","X","▼","X","","","","","","Consent",2009-02-01,2009-02-06
"194","SC",2009,"X","3rd trimester","3rd trimester","3rd trimester","X","","X","","X","Private","","","X","1","Consent",2009-02-01,2009-02-06
"195","SD",2009,"X","24 weeks","","24 weeks","X","","Life Only","","X","X","","X","X","24","Notice",2009-02-01,2009-02-06
"196","TN",2009,"X","","","Viability","X","","X","","X","X","","","","▼","Consent",2009-02-01,2009-02-06
"197","TX",2009,"X","","","3rd trimester","","","X","","X","Private","X","X","X","24","Consent",2009-02-01,2009-02-06
"198","UT",2009,"X","90 days","","▼*","X","","X*,.Ω","","X","Private","","","X","24◊","onsent and Notic",2009-02-01,2009-02-06
"199","VT",2009,"","","","","","X","","","","","","","","","",2009-02-01,2009-02-06
"200","VA",2009,"X","2nd trimester","Viability","3rd trimester","▼","","XΩ","","X","X","","","","24","Consent",2009-02-01,2009-02-06
"201","WA",2009,"","","","Viability","","X","","","X","X","","","","","",2009-02-01,2009-02-06
"202","WV",2009,"","","","","▼","X","","","","","X","","X","24","Noticeξ",2009-02-01,2009-02-06
"203","WI",2009,"X","12 weeks","","Viability","▼","","X*","","X","X","","","","24","Consentξ",2009-02-01,2009-02-06
"204","WY",2009,"X","","","Viability","","","X","","X","Private","","","","","Consent",2009-02-01,2009-02-06
"205","AL",2010,"X","Viability","Viability","Viability*","▼","","X","","","","","","","24","Consent",2010-04-01,2010-04-07
"206","AK",2010,"X","","","","▼","X","","","X","Private","X","X","","","▼",2010-04-01,2010-04-07
"207","AZ",2010,"","§","Viability","Viability","▼","X","","","X","X","","","","","Consent",2010-04-01,2010-04-07
"208","AR",2010,"X","","Viability","Viability†","X","","X","","X","X","","XФ","","Day Before","Consent",2010-04-01,2010-04-07
"209","CA",2010,"X","","","Viability","","X","","","X","Religious","","","","","▼",2010-04-01,2010-04-07
"210","CO",2010,"X","","","","","","X","","X","X","","","","","Notice",2010-04-01,2010-04-07
"211","CT",2010,"X","Viability","","Viability","","X","","","X","","","","","","",2010-04-01,2010-04-07
"212","DE",2010,"","","","▼‡","","","X","","X","X","","","","▼","Noticeξ",2010-04-01,2010-04-07
"213","DC",2010,"","","","","","","","","","","","","","","",2010-04-01,2010-04-07
"214","FL",2010,"X","","24 weeks","24 weeks","▼","","X","","X","X","","","","","Notice",2010-04-01,2010-04-07
"215","GA",2010,"X","","3rd trimester","3rd trimester","Postviability","","X","","X","X","","X","","24","Notice",2010-04-01,2010-04-07
"216","HI",2010,"X","","","","","X","","","X","X","","","","","",2010-04-01,2010-04-07
"217","ID",2010,"X","Viability","3rd trimester","Viability‡","▼","","X","X","X","X","","","","24","Consent",2010-04-01,2010-04-07
"218","IL",2010,"X","","Viability","Viability","▼","X","","","X","Private","","","","","▼",2010-04-01,2010-04-07
"219","IN",2010,"X","2nd trimester","Viability","Viability*","X","","X*","","X","Private","","","","18","Consent",2010-04-01,2010-04-07
"220","IA",2010,"X","","","3rd trimester","▼","","XΩ","","X","Private","","","","","Notice",2010-04-01,2010-04-07
"221","KS",2010,"","","Viability","Viability","Postviability","","X","","X","X","X","","","24","Notice",2010-04-01,2010-04-07
"222","KY",2010,"","2nd trimester","","Viability","▼","","X","X","X","X","","","","24","Consent",2010-04-01,2010-04-07
"223","LA",2010,"X","","Viability","Viability","X","","X","","X","X","","X","","24","Consent",2010-04-01,2010-04-07
"224","ME",2010,"X","","","Viability","","","X","","X","X","","","","","",2010-04-01,2010-04-07
"225","MD",2010,"X","","","ViabilityΩ","","X","","","X","X","","","","","",2010-04-01,2010-04-07
"226","MA",2010,"X","12 weeks","","24 weeks","","X","","","X","X","","","","▼","Consent",2010-04-01,2010-04-07
"227","MI",2010,"X","","","Viability‡","▼","","X","","X","X","","","X","24","Consent",2010-04-01,2010-04-07
"228","MN",2010,"X","20 weeks","24 weeks","24 weeks","","X","","","X","Private","","XФ","","24","Noticeþ",2010-04-01,2010-04-07
"229","MS",2010,"X","","","","X","","XΩ","","X","X","X","","","24","Consentþ",2010-04-01,2010-04-07
"230","MO",2010,"X","Viability","Viability","Viability","▼","","X","X","X","X","","","","24","Consent",2010-04-01,2010-04-07
"231","MT",2010,"","","Viability","Viability*","Postviability","X","","","X","Private","","","","▼","▼",2010-04-01,2010-04-07
"232","NE",2010,"X","","","Viability","▼","","X","","X","X","","","X","24","Notice",2010-04-01,2010-04-07
"233","NV",2010,"X","24 weeks","","24 weeks","","","X","","X","Private","","","","","▼",2010-04-01,2010-04-07
"234","NH",2010,"","","","","","","X","","","","","","","","",2010-04-01,2010-04-07
"235","NJ",2010,"X","14 weeks","","","▼","X","","","X","Private","","","","","▼",2010-04-01,2010-04-07
"236","NM",2010,"","","","","Postviability","X","","","X","X","","","","","▼",2010-04-01,2010-04-07
"237","NY",2010,"","","24 weeks","24 weeks‡","","X","","","X","","","","","","",2010-04-01,2010-04-07
"238","NC",2010,"X","20 weeks","","20 weeks","","","X","","X","X","","","","","Consent",2010-04-01,2010-04-07
"239","ND",2010,"X","12 weeks","12 weeks","Viability","X","","X","X","X","X","","","","24","Consentþ",2010-04-01,2010-04-07
"240","OH",2010,"X","","▼","▼*","X","","X","","X","X","","","","24","Consent",2010-04-01,2010-04-07
"241","OK",2010,"X","2nd trimester","Viability","Viability","X","","X","","X","Private","X","XФ","","24","onsent and Notic",2010-04-01,2010-04-07
"242","OR",2010,"","","","","","X","","","X","Private","","","","","",2010-04-01,2010-04-07
"243","PA",2010,"X","Viability","Viability","24 weeks*","","","X","","X","Private","","","","24","Consent",2010-04-01,2010-04-07
"244","RI",2010,"X","","","24 weeks‡","▼","","X","▼","X","","","","","","Consent",2010-04-01,2010-04-07
"245","SC",2010,"X","3rd trimester","3rd trimester","3rd trimester","X","","X","","X","Private","","","X","1","Consent",2010-04-01,2010-04-07
"246","SD",2010,"X","24 weeks","","24 weeks","X","","Life Only","","X","X","","X","X","24","Notice",2010-04-01,2010-04-07
"247","TN",2010,"X","","","Viability","X","","X","","X","X","","","","▼","Consent",2010-04-01,2010-04-07
"248","TX",2010,"X","","","3rd trimester","","","X","","X","Private","X","X","X","24","Consent and Notice",2010-04-01,2010-04-07
"249","UT",2010,"X","90 days","","Viability†,Ω","X","","X*","","X","Private","","XФ","X","24◊","onsent and Notic",2010-04-01,2010-04-07
"250","VT",2010,"","","","","","X","","","","","","","","","",2010-04-01,2010-04-07
"251","VA",2010,"X","2nd trimester","Viability","3rd trimester","X","","XΩ","","X","X","","","","24","Consent",2010-04-01,2010-04-07
"252","WA",2010,"","","","Viability","","X","","","X","X","","","","","",2010-04-01,2010-04-07
"253","WV",2010,"","","","","▼","X","","","","","X","","X","24","Noticeξ",2010-04-01,2010-04-07
"254","WI",2010,"X","12 weeks","","Viability","▼","","X*","","X","X","","","","24","Consentξ",2010-04-01,2010-04-07
"255","WY",2010,"X","","","Viability","","","X","","X","Private","","","","","onsent and Notic",2010-04-01,2010-04-07
"256","AL",2011,"X","Viability","Viability","Viability*","▼","","X","","","","","","","24","Consent",2011-01-01,2011-01-29
"257","AK",2011,"X","","","","▼","X","","","X","Private","X","X","","","Notice",2011-01-01,2011-01-29
"258","AZ",2011,"","§","Viability","Viability","▼","X","","","X","X","","","","","Consent",2011-01-01,2011-01-29
"259","AR",2011,"X","","Viability","Viability†","X","","X","","X","X","","XФ","","Day Before","Consent",2011-01-01,2011-01-29
"260","CA",2011,"X","","","Viability","","X","","","X","Religious","","","","","▼",2011-01-01,2011-01-29
"261","CO",2011,"X","","","","","","X","","X","X","","","","","Notice",2011-01-01,2011-01-29
"262","CT",2011,"X","Viability","","Viability","","X","","","X","","","","","","",2011-01-01,2011-01-29
"263","DE",2011,"","","","▼‡","","","X","","X","X","","","","▼","Noticeξ",2011-01-01,2011-01-29
"264","DC",2011,"","","","","","","","","","","","","","","",2011-01-01,2011-01-29
"265","FL",2011,"X","","24 weeks","24 weeks","▼","","X","","X","X","","","","","Notice",2011-01-01,2011-01-29
"266","GA",2011,"X","","3rd trimester","3rd trimester","Postviability","","X","","X","X","","X","","24","Notice",2011-01-01,2011-01-29
"267","HI",2011,"X","","","","","X","","","X","X","","","","","",2011-01-01,2011-01-29
"268","ID",2011,"X","Viability","3rd trimester","Viability‡","▼","","X","X","X","X","","","","24","Consent",2011-01-01,2011-01-29
"269","IL",2011,"X","","Viability","Viability","▼","X","","","X","Private","","","","","▼",2011-01-01,2011-01-29
"270","IN",2011,"X","2nd trimester","Viability","Viability*","X","","X*","","X","Private","","","","18","Consent",2011-01-01,2011-01-29
"271","IA",2011,"X","","","3rd trimester","▼","","XΩ","","X","Private","","","","","Notice",2011-01-01,2011-01-29
"272","KS",2011,"","","Viability","Viability","Postviability","","X","","X","X","X","","","24","Notice",2011-01-01,2011-01-29
"273","KY",2011,"","2nd trimester","","Viability","▼","","X","X","X","X","","","","24","Consent",2011-01-01,2011-01-29
"274","LA",2011,"X","","Viability","Viability","X","","X","","X","X","","X","","24","Consent",2011-01-01,2011-01-29
"275","ME",2011,"X","","","Viability","","","X","","X","X","","","","","",2011-01-01,2011-01-29
"276","MD",2011,"X","","","ViabilityΩ","","X","","","X","X","","","","","Notice",2011-01-01,2011-01-29
"277","MA",2011,"X","12 weeks","","24 weeks","","X","","","X","X","","","","▼","Consent",2011-01-01,2011-01-29
"278","MI",2011,"X","","","Viability‡","▼","","X","","X","X","","","X","24","Consent",2011-01-01,2011-01-29
"279","MN",2011,"X","20 weeks","24 weeks","24 weeks","","X","","","X","Private","","XФ","","24","Noticeþ",2011-01-01,2011-01-29
"280","MS",2011,"X","","","","X","","XΩ","","X","X","X","","","24","Consentþ",2011-01-01,2011-01-29
"281","MO",2011,"X","Viability","Viability","Viability","▼","","X","X","X","X","","XФ","","24","Consent",2011-01-01,2011-01-29
"282","MT",2011,"","","Viability","Viability*","Postviability","X","","","X","Private","","","","▼","▼",2011-01-01,2011-01-29
"283","NE",2011,"X","","","20 weeks","▼","","X","","X","X","","","X","24","Notice",2011-01-01,2011-01-29
"284","NV",2011,"X","24 weeks","","24 weeks","","","X","","X","Private","","","","","▼",2011-01-01,2011-01-29
"285","NH",2011,"","","","","","","X","","","","","","","","",2011-01-01,2011-01-29
"286","NJ",2011,"X","14 weeks","","","▼","X","","","X","Private","","","","","▼",2011-01-01,2011-01-29
"287","NM",2011,"","","","","Postviability","X","","","X","X","","","","","▼",2011-01-01,2011-01-29
"288","NY",2011,"","","24 weeks","24 weeks‡","","X","","","X","","","","","","",2011-01-01,2011-01-29
"289","NC",2011,"X","20 weeks","","20 weeks","","","X","","X","X","","","","","Consent",2011-01-01,2011-01-29
"290","ND",2011,"X","12 weeks","12 weeks","Viability","X","","X","X","X","X","","","","24","Consentþ",2011-01-01,2011-01-29
"291","OH",2011,"X","","▼","▼*","X","","X","","X","X","","","","24","Consent",2011-01-01,2011-01-29
"292","OK",2011,"X","2nd trimester","Viability","Viability","X","","X","","X","Private","X","XФ","","24","onsent and Notic",2011-01-01,2011-01-29
"293","OR",2011,"","","","","","X","","","X","Private","","","","","",2011-01-01,2011-01-29
"294","PA",2011,"X","Viability","Viability","24 weeks*","","","X","","X","Private","","","","24","Consent",2011-01-01,2011-01-29
"295","RI",2011,"X","","","24 weeks‡","▼","","X","▼","X","","","","","","Consent",2011-01-01,2011-01-29
"296","SC",2011,"X","3rd trimester","3rd trimester","3rd trimester","X","","X","","X","Private","","","X","24","Consent",2011-01-01,2011-01-29
"297","SD",2011,"X","24 weeks","","24 weeks","X","","Life Only","","X","X","","X","X","24","Notice",2011-01-01,2011-01-29
"298","TN",2011,"X","","","Viability","X","","X","","X","X","","","","▼","Consent",2011-01-01,2011-01-29
"299","TX",2011,"X","","","3rd trimester","","","X","","X","Private","X","X","X","24","Consent and Notice",2011-01-01,2011-01-29
"300","UT",2011,"X","90 days","","Viability†,Ω","X","","X*","","X","Private","","XФ","X","24◊","onsent and Notic",2011-01-01,2011-01-29
"301","VT",2011,"","","","","","X","","","","","","","","","",2011-01-01,2011-01-29
"302","VA",2011,"X","2nd trimester","Viability","3rd trimester","X","","XΩ","","X","X","","","","24","Consent",2011-01-01,2011-01-29
"303","WA",2011,"","","","Viability","","X","","","X","X","","","","","",2011-01-01,2011-01-29
"304","WV",2011,"","","","","▼","X","","","","","X","","X","24","Noticeξ",2011-01-01,2011-01-29
"305","WI",2011,"X","12 weeks","","Viability","▼","","X*","","X","X","","","","24","Consentξ",2011-01-01,2011-01-29
"306","WY",2011,"X","","","Viability","","","X","","X","Private","","","","","onsent and Notic",2011-01-01,2011-01-29
"307","AL",2012,"X","Viability","Viability","20 weeks*","▼","","X","","","","","","","24","Consent",2012-01-01,2012-01-11
"308","AK",2012,"X","","","","▼","X","","","X","Private","X","X","","","Notice",2012-01-01,2012-01-11
"309","AZ",2012,"§","§","Viability","Viability","X","X","","","X","X","","","","24","Consent",2012-01-01,2012-01-11
"310","AR",2012,"X","","Viability","Viability†","X","","X","","X","X","","XФ","","Day Before","Consent",2012-01-01,2012-01-11
"311","CA",2012,"X","","","Viability","","X","","","X","Religious","","","","","▼",2012-01-01,2012-01-11
"312","CO",2012,"X","","","","","","X","","X","X","","","","","Notice",2012-01-01,2012-01-11
"313","CT",2012,"X","Viability","","Viability","","X","","","X","","","","","","",2012-01-01,2012-01-11
"314","DE",2012,"X","","","Viability","","","X","","X","X","","","","▼","Noticeξ",2012-01-01,2012-01-11
"315","DC",2012,"","","","","","","X","","","","","","","","",2012-01-01,2012-01-11
"316","FL",2012,"X","","24 weeks","24 weeks","▼","","X","","X","X","","","","","Notice",2012-01-01,2012-01-11
"317","GA",2012,"X","","3rd trimester","3rd trimester","Postviability","","X","","X","X","","X","","24","Notice",2012-01-01,2012-01-11
"318","HI",2012,"X","","","","","X","","","X","X","","","","","",2012-01-01,2012-01-11
"319","ID",2012,"X","Viability","3rd trimester","20 weeks*","▼","","X","X","X","X","","","","24","Consent",2012-01-01,2012-01-11
"320","IL",2012,"X","","Viability","Viability","▼","X","","","X","Private","","","","","▼",2012-01-01,2012-01-11
"321","IN",2012,"X","20 weeks","20 weeks","20 weeks*","X","","X*","","X","Private","","X","","18","Consent",2012-01-01,2012-01-11
"322","IA",2012,"X","","","3rd trimester","▼","","X","","X","Private","","","","","Notice",2012-01-01,2012-01-11
"323","KS",2012,"","","Viability","20 weeks*","X","","X","X","X","X","X","","","24","Consent",2012-01-01,2012-01-11
"324","KY",2012,"","2nd trimester","","Viability","▼","","X","X","X","X","","","","24","Consent",2012-01-01,2012-01-11
"325","LA",2012,"X","","Viability","Viability","X","","X","","X","X","","X","","24","Consent",2012-01-01,2012-01-11
"326","ME",2012,"X","","","Viability","","","X","","X","X","","","","","",2012-01-01,2012-01-11
"327","MD",2012,"X","","","ViabilityΩ","","X","","","X","X","","","","","Notice",2012-01-01,2012-01-11
"328","MA",2012,"X","12 weeks","","24 weeks","","X","","","X","X","","","","▼","Consent",2012-01-01,2012-01-11
"329","MI",2012,"X","","","Viability‡","X","","X","","X","X","","","X","24","Consent",2012-01-01,2012-01-11
"330","MN",2012,"X","20 weeks","24 weeks","24 weeks","","X","","","X","Private","","XФ","","24","Noticeþ",2012-01-01,2012-01-11
"331","MS",2012,"X","","","","X","","XΩ","","X","X","X","","","24","Consentþ",2012-01-01,2012-01-11
"332","MO",2012,"X","Viability","Viability","Viability","▼","","X","X","X","X","","XФ","","24","Consent",2012-01-01,2012-01-11
"333","MT",2012,"","","Viability","Viability*","Postviability","X","","","X","Private","","","","▼","▼",2012-01-01,2012-01-11
"334","NE",2012,"X","","","20 weeks*","▼","","X","X","X","X","","","X","24","Consent",2012-01-01,2012-01-11
"335","NV",2012,"X","24 weeks","","24 weeks","","","X","","X","Private","","","","","▼",2012-01-01,2012-01-11
"336","NH",2012,"","","","","","","X","","","","","","","","Notice",2012-01-01,2012-01-11
"337","NJ",2012,"X","14 weeks","","","▼","X","","","X","Private","","","","","▼",2012-01-01,2012-01-11
"338","NM",2012,"","","","","Postviability","X","","","X","X","","","","","▼",2012-01-01,2012-01-11
"339","NY",2012,"","","24 weeks","24 weeks‡","","X","","","X","","","","","","",2012-01-01,2012-01-11
"340","NC",2012,"X","20 weeks","","20 weeks","","","X","","X","X","X","","X","24","Consent",2012-01-01,2012-01-11
"341","ND",2012,"X","12 weeks","12 weeks","Viability","X","","X","X","X","X","","","","24","Consentþ",2012-01-01,2012-01-11
"342","OH",2012,"X","Viability","Viability","Viability*","X","","X","","X","X","","","","24","Consent",2012-01-01,2012-01-11
"343","OK",2012,"X","2nd trimester","Viability","Viability","X","","X","X","X","Private","X","XФ","","24","onsent and Notic",2012-01-01,2012-01-11
"344","OR",2012,"","","","","","X","","","X","Private","","","","","",2012-01-01,2012-01-11
"345","PA",2012,"X","Viability","Viability","24 weeks*","","","X","","X","Private","","","","24","Consent",2012-01-01,2012-01-11
"346","RI",2012,"X","","","24 weeks‡","▼","","X","▼","X","","","","","","Consent",2012-01-01,2012-01-11
"347","SC",2012,"X","3rd trimester","3rd trimester","3rd trimester","X","","X","","X","Private","","","","24","Consent",2012-01-01,2012-01-11
"348","SD",2012,"X","24 weeks","","24 weeks","X","","Life Only","","X","X","","X","X","24","Notice",2012-01-01,2012-01-11
"349","TN",2012,"X","","","Viability","X","","X","","X","X","","","","▼","Consent",2012-01-01,2012-01-11
"350","TX",2012,"X","","","3rd trimester","","","X","","X","Private","X","X","X","24","Consent and Notice",2012-01-01,2012-01-11
"351","UT",2012,"X","90 days","","Viability†,Ω","X","","X*","X","X","Private","","XФ","X","24◊","onsent and Notic",2012-01-01,2012-01-11
"352","VT",2012,"","","","","","X","","","","","","","","","",2012-01-01,2012-01-11
"353","VA",2012,"X","2nd trimester","Viability","3rd trimester","X","","XΩ","","X","X","","","","24","Consent",2012-01-01,2012-01-11
"354","WA",2012,"","","","Viability","","X","","","X","X","","","","","",2012-01-01,2012-01-11
"355","WV",2012,"","","","","▼","X","","","","","X","","X","24","Noticeξ",2012-01-01,2012-01-11
"356","WI",2012,"X","12 weeks","","Viability","▼","","X*","","X","X","","","","24","Consentξ",2012-01-01,2012-01-11
"357","WY",2012,"X","","","Viability","","","X","","X","Private","","","","","onsent and Notic",2012-01-01,2012-01-11
"358","AL",2013,"X","Viability","Viability","20 weeks*","▼","","X","","","","","","","24","Consent",2013-01-01,2013-01-18
"359","AK",2013,"X","","","","▼","X","","","X","Private","X","X","","","Notice",2013-01-01,2013-01-18
"360","AZ",2013,"X","Viability","Viability","Viability","X","X","","","X","X","","","","24","Consent",2013-01-01,2013-01-18
"361","AR",2013,"X","","Viability","Viability†","X","","X","","X","X","","XФ","","Day Before","Consent",2013-01-01,2013-01-18
"362","CA",2013,"","","","Viability","","X","","","X","Religious","","","","","▼",2013-01-01,2013-01-18
"363","CO",2013,"X","","","","","","X","","X","X","","","","","Notice",2013-01-01,2013-01-18
"364","CT",2013,"","Viability","","Viability","","X","","","X","","","","","","",2013-01-01,2013-01-18
"365","DE",2013,"X","","","Viability","","","X","","X","X","","","","▼","Noticeξ",2013-01-01,2013-01-18
"366","DC",2013,"","","","","","","X","","","","","","","","",2013-01-01,2013-01-18
"367","FL",2013,"X","","24 weeks","24 weeks","▼","","X","","X","X","","","","","Notice",2013-01-01,2013-01-18
"368","GA",2013,"X","","","Viability","Postviability","","X","","X","X","","X","","24","Notice",2013-01-01,2013-01-18
"369","HI",2013,"X","","","Viability","","X","","","X","X","","","","","",2013-01-01,2013-01-18
"370","ID",2013,"X","Viability","3rd trimester","20 weeks*","▼","","X","X","X","X","","","","24","Consent",2013-01-01,2013-01-18
"371","IL",2013,"","","Viability","Viability","▼","X","","","X","Private","","","","","▼",2013-01-01,2013-01-18
"372","IN",2013,"X","20 weeks","20 weeks","20 weeks*","X","","X*","","X","Private","","X","","18","Consent",2013-01-01,2013-01-18
"373","IA",2013,"X","","","3rd trimester","▼","","X","","X","Private","","","","","Notice",2013-01-01,2013-01-18
"374","KS",2013,"X","","Viability","20 weeks*","X","","X","X","X","X","X","X","X","24","Consent",2013-01-01,2013-01-18
"375","KY",2013,"X","2nd trimester","","Viability","▼","","X","X","X","X","","","","24","Consent",2013-01-01,2013-01-18
"376","LA",2013,"X","","Viability","20 weeks","X","","X","","X","X","","X","","24","Consent",2013-01-01,2013-01-18
"377","ME",2013,"X","","","Viability","","","X","","X","X","","","","","",2013-01-01,2013-01-18
"378","MD",2013,"X","","","ViabilityΩ","","X","","","X","X","","","","","Notice",2013-01-01,2013-01-18
"379","MA",2013,"X","12 weeks","","24 weeks","","X","","","X","X","","","","▼","Consent",2013-01-01,2013-01-18
"380","MI",2013,"X","","","Viability‡","X","","X","","X","X","","","X","24","Consent",2013-01-01,2013-01-18
"381","MN",2013,"X","20 weeks","24 weeks","24 weeks","","X","","","X","Private","","XФ","","24","Noticeþ",2013-01-01,2013-01-18
"382","MS",2013,"XФ","","","","X","","XΩ","","X","X","X","","","24","Consentþ",2013-01-01,2013-01-18
"383","MO",2013,"X","Viability","Viability","Viability","▼","","X","X","X","X","","XФ","","24","Consent",2013-01-01,2013-01-18
"384","MT",2013,"","","Viability","Viability*","Postviability","X","","","X","Private","","","","▼","Notice",2013-01-01,2013-01-18
"385","NE",2013,"X","","","20 weeks*","▼","","X","X","X","X","","","X","24","Consent",2013-01-01,2013-01-18
"386","NV",2013,"X","24 weeks","","24 weeks","","","X","","X","Private","","","","","▼",2013-01-01,2013-01-18
"387","NH",2013,"","","","","X","","X","","","","","","","","Notice",2013-01-01,2013-01-18
"388","NJ",2013,"X","14 weeks","","","▼","X","","","X","Private","","","","","▼",2013-01-01,2013-01-18
"389","NM",2013,"X","","","","Postviability","X","","","X","X","","","","","▼",2013-01-01,2013-01-18
"390","NY",2013,"","","24 weeks","24 weeks‡","","X","","","X","","","","","","",2013-01-01,2013-01-18
"391","NC",2013,"X","20 weeks","","20 weeks","","","X","","X","X","","","X","24","Consent",2013-01-01,2013-01-18
"392","ND",2013,"X","12 weeks","12 weeks","Viability","X","","X","X","X","X","","","","24","Consentþ",2013-01-01,2013-01-18
"393","OH",2013,"X","Viability","Viability","Viability*","X","","X","","X","X","","","","24","Consent",2013-01-01,2013-01-18
"394","OK",2013,"X","2nd trimester","Viability","Viability","X","","X","X","X","Private","X","XФ","","24","Consent and Notice",2013-01-01,2013-01-18
"395","OR",2013,"","","","","","X","","","X","Private","","","","","",2013-01-01,2013-01-18
"396","PA",2013,"X","Viability","Viability","24 weeks*","","","X","","X","Private","","","","24","Consent",2013-01-01,2013-01-18
"397","RI",2013,"","","","24 weeks‡","▼","","X","▼","X","","","","","","Consent",2013-01-01,2013-01-18
"398","SC",2013,"X","3rd trimester","3rd trimester","3rd trimester","X","","X","","X","Private","","","","24","Consent",2013-01-01,2013-01-18
"399","SD",2013,"X","24 weeks","","24 weeks","X","","Life Onl","","X","X","","X","X","24","Notice",2013-01-01,2013-01-18
"400","TN",2013,"X","","","Viability","X","","X","","X","X","","","","▼","Consent",2013-01-01,2013-01-18
"401","TX",2013,"X","","","3rd trimester","","","X","","X","Private","X","X","X","24","Consent and Notice",2013-01-01,2013-01-18
"402","UT",2013,"X","90 days","","Viability†,Ω","X","","X*","X","X","Private","","XФ","X","72◊","Consent and Notice",2013-01-01,2013-01-18
"403","VT",2013,"","","","","","X","","","","","","","","","",2013-01-01,2013-01-18
"404","VA",2013,"X","2nd trimester","Viability","3rd trimester","X","","XΩ","","X","X","","","","24","Consent",2013-01-01,2013-01-18
"405","WA",2013,"","","","Viability","","X","","","X","X","","","","","",2013-01-01,2013-01-18
"406","WV",2013,"","","","","▼","X","","","","","","","X","24","Noticeξ",2013-01-01,2013-01-18
"407","WI",2013,"X","12 weeks","","Viability","▼","","X*","","X","X","","","","24","Consentξ",2013-01-01,2013-01-18
"408","WY",2013,"X","","","Viability","","","X","","X","Private","","","","","Consent and Notice",2013-01-01,2013-01-18
"409","AL",2014,"X","Viability","Viability","20 weeks*","▼","","X","","","","","","","24","Consent",2014-02-01,2014-02-14
"410","AK",2014,"X","","","","▼","X","","","X","Private","X","X","","","Notice",2014-02-01,2014-02-14
"411","AZ",2014,"X","Viability","Viability","Viability","X","X","","","X","X","","","","24","Consent",2014-02-01,2014-02-14
"412","AR",2014,"X","","Viability","20 weeks†","X","","X","","X","X","","XФ","","Day Before","Consent",2014-02-01,2014-02-14
"413","CA",2014,"","","","Viability","","X","","","X","Religious","","","","","▼",2014-02-01,2014-02-14
"414","CO",2014,"X","","","","","","X","","X","X","","","","","Notice",2014-02-01,2014-02-14
"415","CT",2014,"","Viability","","Viability","","X","","","X","","","","","","",2014-02-01,2014-02-14
"416","DE",2014,"X","","","Viability","","","X","","X","X","","","","▼","Noticeξ",2014-02-01,2014-02-14
"417","DC",2014,"","","","","","","X","","","","","","","","",2014-02-01,2014-02-14
"418","FL",2014,"X","","24 weeks","24 weeks","▼","","X","","X","X","","","","","Notice",2014-02-01,2014-02-14
"419","GA",2014,"X","","","Viability","Postviability","","X","","X","X","","X","","24","Notice",2014-02-01,2014-02-14
"420","HI",2014,"X","","","Viability","","X","","","X","X","","","","","",2014-02-01,2014-02-14
"421","ID",2014,"X","Viability","3rd trimester","Viability‡","▼","","X","X","X","X","","","","24","Consent",2014-02-01,2014-02-14
"422","IL",2014,"","","Viability","Viability","▼","X","","","X","Private","","","","","Notice",2014-02-01,2014-02-14
"423","IN",2014,"X","20 weeks","20 weeks","20 weeks*","X","","X*","","X","Private","","X","","18","Consent",2014-02-01,2014-02-14
"424","IA",2014,"X","","","3rd trimester","▼","","X","","X","Private","","","","","Notice",2014-02-01,2014-02-14
"425","KS",2014,"X","","Viability","20 weeks*","X","","X","X","X","X","X","X","X","24","Consent",2014-02-01,2014-02-14
"426","KY",2014,"X","2nd trimester","","Viability","▼","","X","X","X","X","","","","24","Consent",2014-02-01,2014-02-14
"427","LA",2014,"X","","Viability","20 weeks*","X","","X","","X","X","","X","","24","Consent",2014-02-01,2014-02-14
"428","ME",2014,"X","","","Viability","","","X","","X","X","","","","","",2014-02-01,2014-02-14
"429","MD",2014,"X","","","ViabilityΩ","","X","","","X","X","","","","","Notice",2014-02-01,2014-02-14
"430","MA",2014,"X","12 weeks","","24 weeks","","X","","","X","X","","","","▼","Consent",2014-02-01,2014-02-14
"431","MI",2014,"X","","","Viability‡","X","","X","X","X","X","","","X","24","Consent",2014-02-01,2014-02-14
"432","MN",2014,"X","20 weeks","24 weeks","24 weeks","","X","","","X","Private","","XФ","","24","Noticeþ",2014-02-01,2014-02-14
"433","MS",2014,"XФ","","","","X","","XΩ","","X","X","X","","","24","Consentþ",2014-02-01,2014-02-14
"434","MO",2014,"X","Viability","Viability","Viability","▼","","X","X","X","X","","XФ","","24","Consent",2014-02-01,2014-02-14
"435","MT",2014,"","","Viability","Viability*","Postviability","X","","","X","Private","","","","▼","Notice",2014-02-01,2014-02-14
"436","NE",2014,"X","","","20 weeks*","▼","","X","X","X","X","","","X","24","Consent",2014-02-01,2014-02-14
"437","NV",2014,"X","24 weeks","","24 weeks","","","X","","X","Private","","","","","▼",2014-02-01,2014-02-14
"438","NH",2014,"","","","","X","","X","","","","","","","","Notice",2014-02-01,2014-02-14
"439","NJ",2014,"X","14 weeks","","","▼","X","","","X","Private","","","","","▼",2014-02-01,2014-02-14
"440","NM",2014,"X","","","","Postviability","X","","","X","X","","","","","▼",2014-02-01,2014-02-14
"441","NY",2014,"","","24 weeks","24 weeks‡","","X","","","X","","","","","","",2014-02-01,2014-02-14
"442","NC",2014,"X","20 weeks","","20 weeks","","","X","","X","X","","","X","24","Consent",2014-02-01,2014-02-14
"443","ND",2014,"X","","","20 weeks*","X","","X","X","X","X","","","","24","Consentþ",2014-02-01,2014-02-14
"444","OH",2014,"X","Viability","Viability","Viability*","X","","X","","X","X","","","","24","Consent",2014-02-01,2014-02-14
"445","OK",2014,"X","2nd trimester","Viability","Viability","X","","X","X","X","Private","X","XФ","","24","Consent and Notice",2014-02-01,2014-02-14
"446","OR",2014,"","","","","","X","","","X","Private","","","","","",2014-02-01,2014-02-14
"447","PA",2014,"X","Viability","Viability","24 weeks*","","","X","","X","Private","","","","24","Consent",2014-02-01,2014-02-14
"448","RI",2014,"","","","24 weeks‡","▼","","X","▼","X","","","","","","Consent",2014-02-01,2014-02-14
"449","SC",2014,"X","3rd trimester","3rd trimester","3rd trimester","X","","X","","X","Private","","","","24","Consent",2014-02-01,2014-02-14
"450","SD",2014,"X","24 weeks","","24 weeks","X","","Life Onl","","X","X","","X","X","72◊","Notice",2014-02-01,2014-02-14
"451","TN",2014,"X","","","Viability","X","","X","","X","X","","","","▼","Consent",2014-02-01,2014-02-14
"452","TX",2014,"X","","","20 weeks*","","","X","","X","Private","X","X","X","24","Consent and Notice",2014-02-01,2014-02-14
"453","UT",2014,"X","90 days","","Viability†,Ω","X","","X*","X","X","Private","","XФ","X","72◊","Consent and Notice",2014-02-01,2014-02-14
"454","VT",2014,"","","","","","X","","","","","","","","","",2014-02-01,2014-02-14
"455","VA",2014,"X","2nd trimester","Viability","3rd trimester","X","","XΩ","","X","X","","","","24","Consent and Notice",2014-02-01,2014-02-14
"456","WA",2014,"","","","Viability","","X","","","X","X","","","","","",2014-02-01,2014-02-14
"457","WV",2014,"","","","","▼","X","","","","","","","X","24","Noticeξ",2014-02-01,2014-02-14
"458","WI",2014,"X","12 weeks","","Viability","▼","","X*","","X","X","","","","24","Consentξ",2014-02-01,2014-02-14
"459","WY",2014,"X","","","Viability","","","X","","X","Private","","","","","Consent and Notice",2014-02-01,2014-02-14
"460","AL",2015,"X","Viability","Viability","20 weeks*","▼","","X","","","","","","","48","Consent",2015-01-01,2015-02-02
"461","AK",2015,"X","","","","▼","X","","","X","Private","X","X","","","Notice",2015-01-01,2015-02-02
"462","AZ",2015,"X","Viability","Viability","Viability","X","X","","","X","X","","","","24","Consent",2015-01-01,2015-02-02
"463","AR",2015,"X","","Viability","20 weeks†","X","","X","","X","X","","XФ","","Day Before","Consent",2015-01-01,2015-02-02
"464","CA",2015,"","","","Viability","","X","","","X","Religious","","","","","▼",2015-01-01,2015-02-02
"465","CO",2015,"X","","","","","","X","","X","X","","","","","Notice",2015-01-01,2015-02-02
"466","CT",2015,"","Viability","","Viability","","X","","","X","","","","","","",2015-01-01,2015-02-02
"467","DE",2015,"X","","","Viability","","","X","","X","X","","","","▼","Noticeξ",2015-01-01,2015-02-02
"468","DC",2015,"","","","","","","X","","","","","","","","",2015-01-01,2015-02-02
"469","FL",2015,"X","Viability","24 weeks","24 weeks","▼","","X","","X","X","","","","","Notice",2015-01-01,2015-02-02
"470","GA",2015,"X","","","Viability","Postviability","","X","","X","X","","X","","24","Notice",2015-01-01,2015-02-02
"471","HI",2015,"X","","","Viability","","X","","","X","X","","","","","",2015-01-01,2015-02-02
"472","ID",2015,"X","Viability","3rd trimester","Viability‡","▼","","X","X","X","X","","","","24","Consent",2015-01-01,2015-02-02
"473","IL",2015,"","","Viability","Viability","▼","X","","","X","Private","","","","","Notice",2015-01-01,2015-02-02
"474","IN",2015,"X","20 weeks","20 weeks","20 weeks*","X","","X*","X","X","Private","","X","","18","Consent",2015-01-01,2015-02-02
"475","IA",2015,"X","","","3rd trimester","▼","","X","","X","Private","","","","","Notice",2015-01-01,2015-02-02
"476","KS",2015,"X","","Viability","20 weeks*","X","","X","X","X","X","X","X","X","24","Consent",2015-01-01,2015-02-02
"477","KY",2015,"X","2nd trimester","","Viability","▼","","X","X","X","X","","","","24","Consent",2015-01-01,2015-02-02
"478","LA",2015,"X","","Viability","20 weeks*","X","","X","","X","X","","X","","24","Consent",2015-01-01,2015-02-02
"479","ME",2015,"X","","","Viability","","","X","","X","X","","","","","",2015-01-01,2015-02-02
"480","MD",2015,"X","","","ViabilityΩ","","X","","","X","X","","","","","Notice",2015-01-01,2015-02-02
"481","MA",2015,"X","12 weeks","","24 weeks","","X","","","X","X","","","","▼","Consent",2015-01-01,2015-02-02
"482","MI",2015,"X","","","Viability‡","X","","X","X","X","X","","","X","24","▼",2015-01-01,2015-02-02
"483","MN",2015,"X","20 weeks","24 weeks","24 weeks","","X","","","X","Private","","XФ","","24","Noticeþ",2015-01-01,2015-02-02
"484","MS",2015,"XФ","","","20 weeks*","X","","XΩ","","X","X","X","","","24","Consentþ",2015-01-01,2015-02-02
"485","MO",2015,"X","Viability","Viability","Viability","▼","","X","X","X","X","","XФ","","72","Consent",2015-01-01,2015-02-02
"486","MT",2015,"","","Viability","Viability*","Postviability","X","","","X","Private","","","","▼","Notice",2015-01-01,2015-02-02
"487","NE",2015,"X","","","20 weeks*","▼","","X","X","X","X","","","X","24","Consent",2015-01-01,2015-02-02
"488","NV",2015,"X","24 weeks","","24 weeks","","","X","","X","Private","","","","","▼",2015-01-01,2015-02-02
"489","NH",2015,"","","","","X","","X","","","","","","","","Notice",2015-01-01,2015-02-02
"490","NJ",2015,"Xξ","14 weeks","","","▼","X","","","X","Private","","","","","▼",2015-01-01,2015-02-02
"491","NM",2015,"X","","","","Postviability","X","","","X","X","","","","","▼",2015-01-01,2015-02-02
"492","NY",2015,"","","24 weeks","24 weeks‡","","X","","","X","","","","","","",2015-01-01,2015-02-02
"493","NC",2015,"X","20 weeks","","20 weeks","","","X","","X","X","","","X","24","Consent",2015-01-01,2015-02-02
"494","ND",2015,"X","","","20 weeks*","X","","X","X","X","X","","","","24","Consentþ",2015-01-01,2015-02-02
"495","OH",2015,"X","Viability","Viability","Viability*","X","","X","","X","X","","","","24","Consent",2015-01-01,2015-02-02
"496","OK",2015,"X","2nd trimester","Viability","20 weeks*","X","","X","X","X","Private","X","XФ","","24","Consent and Notice",2015-01-01,2015-02-02
"497","OR",2015,"","","","","","X","","","X","Private","","","","","",2015-01-01,2015-02-02
"498","PA",2015,"X","Viability","Viability","24 weeks*","","","X","","X","Private","","","","24","Consent",2015-01-01,2015-02-02
"499","RI",2015,"","","","24 weeks‡","▼","","X","▼","X","","","","","","Consent",2015-01-01,2015-02-02
"500","SC",2015,"X","3rd trimester","3rd trimester","3rd trimester","X","","X","","X","Private","","","","24","Consent",2015-01-01,2015-02-02
"501","SD",2015,"X","24 weeks","","24 weeks","X","","Life Onl","","X","X","","X","X","72◊","Notice",2015-01-01,2015-02-02
"502","TN",2015,"X","","","Viability","X","","X","","X","X","","","","▼","Consent",2015-01-01,2015-02-02
"503","TX",2015,"X","","","20 weeks*","","","X","","X","Private","X","X","X","24","Consent and Notice",2015-01-01,2015-02-02
"504","UT",2015,"X","90 days","","Viability†,Ω","X","","X*","X","X","Private","","XФ","X","72◊","Consent and Notice",2015-01-01,2015-02-02
"505","VT",2015,"","","","","","X","","","","","","","","","",2015-01-01,2015-02-02
"506","VA",2015,"X","2nd trimester","Viability","3rd trimester","X","","XΩ","","X","X","","","","24","Consent and Notice",2015-01-01,2015-02-02
"507","WA",2015,"","","","Viability","","X","","","X","X","","","","","",2015-01-01,2015-02-02
"508","WV",2015,"","","","","▼","X","","","","","","","X","24","Noticeξ",2015-01-01,2015-02-02
"509","WI",2015,"X","12 weeks","","Viability","▼","","X*","","X","X","","","","24","Consentξ",2015-01-01,2015-02-02
"510","WY",2015,"X","","","Viability","","","X","","X","Private","","","","","Consent and Notice",2015-01-01,2015-02-02
"511","AL",2016,"X","Viability","Viability","20 weeks*","▼","","X","","","","","","","48","Consent",2016-01-01,2016-01-23
"512","AK",2016,"X","","","","▼","X","","","X","Private","X","X","","","Notice",2016-01-01,2016-01-23
"513","AZ",2016,"X","Viability","Viability","Viability","X","X","","X","X","X","","","","24","Consent",2016-01-01,2016-01-23
"514","AR",2016,"X","","Viability","20 weeks†","X","","X","","X","X","","XФ","","48","Consent",2016-01-01,2016-01-23
"515","CA",2016,"","","","Viability","","X","","","X","Religious","","","","","▼",2016-01-01,2016-01-23
"516","CO",2016,"","","","","","","X","","","","","","","","Notice",2016-01-01,2016-01-23
"517","CT",2016,"","Viability","","Viability","","X","","","X","","","","","","",2016-01-01,2016-01-23
"518","DE",2016,"X","","","Viability","","","X","","X","X","","","","▼","Noticeξ",2016-01-01,2016-01-23
"519","DC",2016,"","","","","","","X","","","","","","","","",2016-01-01,2016-01-23
"520","FL",2016,"X","Viability","24 weeks","24 weeks","▼","","X","","X","X","","","","24","Notice",2016-01-01,2016-01-23
"521","GA",2016,"X","","","Viability","Postviability","","X","","X","X","","X","","24","Notice",2016-01-01,2016-01-23
"522","HI",2016,"X","","","Viability","","X","","","X","X","","","","","",2016-01-01,2016-01-23
"523","ID",2016,"X","Viability","3rd trimester","Viability","▼","","X","X","X","X","","","","24","Consent",2016-01-01,2016-01-23
"524","IL",2016,"","","Viability","Viability","▼","X","","","X","Private","","","","","Notice",2016-01-01,2016-01-23
"525","IN",2016,"X","20 weeks","20 weeks","20 weeks*","X","","X*","X","X","Private","","X","","18","Consent",2016-01-01,2016-01-23
"526","IA",2016,"X","","","3rd trimester","▼","","X","","X","Private","","","","","Notice",2016-01-01,2016-01-23
"527","KS",2016,"X","","Viability","20 weeks*","X","","X","X","X","X","X","X","X","24","Consent",2016-01-01,2016-01-23
"528","KY",2016,"X","2nd trimester","","Viability","▼","","X","X","X","X","","","","24","Consent",2016-01-01,2016-01-23
"529","LA",2016,"X","","Viability","20 weeks*","X","","X","","X","X","","X","X","24","Consent",2016-01-01,2016-01-23
"530","ME",2016,"X","","","Viability","","","X","","X","X","","","","","",2016-01-01,2016-01-23
"531","MD",2016,"X","","","ViabilityΩ","","X","","","X","X","","","","","Notice",2016-01-01,2016-01-23
"532","MA",2016,"X","","","24 weeks","","X","","","X","X","","","","▼","Consent",2016-01-01,2016-01-23
"533","MI",2016,"X","","","Viability‡","X","","X","X","X","X","","","X","24","▼",2016-01-01,2016-01-23
"534","MN",2016,"X","","20 weeks","24 weeks","","X","","","X","Private","","XФ","","24","Noticeþ",2016-01-01,2016-01-23
"535","MS",2016,"XФ","","","20 weeks*","X","","XΩ","","X","X","X","","","24","Consentþ",2016-01-01,2016-01-23
"536","MO",2016,"X","Viability","Viability","Viability","▼","","X","X","X","X","","XФ","","72","Consent",2016-01-01,2016-01-23
"537","MT",2016,"","","Viability","Viability*","Postviability","X","","","X","Private","","","","▼","Notice",2016-01-01,2016-01-23
"538","NE",2016,"X","","","20 weeks*","▼","","X","X","X","X","","","X","24","Consent",2016-01-01,2016-01-23
"539","NV",2016,"X","24 weeks","","24 weeks","","","X","","X","Private","","","","","▼",2016-01-01,2016-01-23
"540","NH",2016,"","","","","X","","X","","","","","","","","Notice",2016-01-01,2016-01-23
"541","NJ",2016,"Xξ","14 weeks","","","▼","X","","","X","Private","","","","","▼",2016-01-01,2016-01-23
"542","NM",2016,"X","","","","Postviability","X","","","X","X","","","","","▼",2016-01-01,2016-01-23
"543","NY",2016,"","","24 weeks","24 weeks‡","","X","","","X","","","","","","",2016-01-01,2016-01-23
"544","NC",2016,"X","20 weeks","","20 weeks","","","X","","X","X","","","X","72","Consent",2016-01-01,2016-01-23
"545","ND",2016,"X","","","20 weeks*","X","","X","X","X","X","","","","24","Consentþ",2016-01-01,2016-01-23
"546","OH",2016,"X","Viability","Viability","Viability*","X","","X","","X","X","","","","24","Consent",2016-01-01,2016-01-23
"547","OK",2016,"X","2nd trimester","Viability","20 weeks*","X","","X","X","X","Private","X","XФ","","72","Consent and Notice",2016-01-01,2016-01-23
"548","OR",2016,"","","","","","X","","","X","Private","","","","","",2016-01-01,2016-01-23
"549","PA",2016,"X","Viability","Viability","24 weeks*","","","X","","X","Private","","","","24","Consent",2016-01-01,2016-01-23
"550","RI",2016,"","","","24 weeks‡","▼","","X","▼","X","","","","","","Consent",2016-01-01,2016-01-23
"551","SC",2016,"X","3rd trimester","3rd trimester","3rd trimester","X","","X","","X","Private","","","","24","Consent",2016-01-01,2016-01-23
"552","SD",2016,"X","24 weeks","","24 weeks","X","","Life Onl","","X","X","","X","X","72◊","Notice",2016-01-01,2016-01-23
"553","TN",2016,"X","","","Viability","X","","X","","X","X","","","","48","Consent",2016-01-01,2016-01-23
"554","TX",2016,"X","","","20 weeks*","","","X","","X","Private","X","X","X","24","Consent and Notice",2016-01-01,2016-01-23
"555","UT",2016,"X","90 days","","Viability†,Ω","X","","X*","X","X","Private","","XФ","X","72◊","Consent and Notice",2016-01-01,2016-01-23
"556","VT",2016,"","","","","","X","","","","","","","","","",2016-01-01,2016-01-23
"557","VA",2016,"X","2nd trimester","Viability","3rd trimester","X","","XΩ","","X","X","","","","24","Consent and Notice",2016-01-01,2016-01-23
"558","WA",2016,"","","","Viability","","X","","","X","X","","","","","",2016-01-01,2016-01-23
"559","WV",2016,"","","","20 weeks*","▼","X","","","","","","","X","24","Noticeξ",2016-01-01,2016-01-23
"560","WI",2016,"X","Viability","","Viability","▼","","X*","","X","X","","","","24","Consentξ",2016-01-01,2016-01-23
"561","WY",2016,"X","","","Viability","","","X","","X","Private","","","","","Consent and Notice",2016-01-01,2016-01-23
"562","AL",2017,"X","Viability","Viability","20 weeks*","‚ñº","","X","","","","","","","48","Consent",2017-02-01,2017-02-21
"563","AK",2017,"X","","","","‚ñº","X","","","X","Private","X","X","","","‚ñº",2017-02-01,2017-02-21
"564","AZ",2017,"X","Viability","Viability","Viability","X","X","","X","X","X","","","","24","Consent",2017-02-01,2017-02-21
"565","AR",2017,"X","","Viability","20 weeks†‚Äã","X","","X","","X","X","","X–§‚Äã","","48","Consent",2017-02-01,2017-02-21
"566","CA",2017,"","","","Viability","","X","","","X","Religious","","","","","‚ñº",2017-02-01,2017-02-21
"567","CO",2017,"","","","","","","X","","","","","","","","Notice",2017-02-01,2017-02-21
"568","CT",2017,"","Viability","","Viability","","X","","","X","","","","","","",2017-02-01,2017-02-21
"569","DE",2017,"X","","","Viability","","","X","","X","X","","","","‚ñº","NoticeŒæ‚Äã",2017-02-01,2017-02-21
"570","FL",2017,"X","Viability","24 weeks","24 weeks","‚ñº","","X","","X","X","","","","","Notice",2017-02-01,2017-02-21
"571","GA",2017,"X","","","20 weeks*","Postviability","","X","","X","X","","X","","24","Notice",2017-02-01,2017-02-21
"572","HI",2017,"X","","","Viability","","X","","","X","X","","","","","",2017-02-01,2017-02-21
"573","ID",2017,"X","Viability","3rd trimester","Viability","‚ñº","","X","X","X","X","","","","24","Consent",2017-02-01,2017-02-21
"574","IL",2017,"","","Viability","Viability","‚ñº","X","","","X","Private","","","","","Notice",2017-02-01,2017-02-21
"575","IN",2017,"X","20 weeks","20 weeks","20 weeks*","X","","X*","X","X","Private","","X","","18","Consent",2017-02-01,2017-02-21
"576","IA",2017,"X","","","3rd trimester","‚ñº","","X","","X","Private","","","","","Notice",2017-02-01,2017-02-21
"577","KS",2017,"X","","Viability","20 weeks*","X","","X","X","X","X","X","X","X","24","Consent",2017-02-01,2017-02-21
"578","KY",2017,"X","2nd trimester","","20 weeks*","‚ñº","","X","X","X","X","","","","24","Consent",2017-02-01,2017-02-21
"579","LA",2017,"X","","Viability","20 weeks*","X","","X","","X","X","","X","X","24","Consent",2017-02-01,2017-02-21
"580","ME",2017,"X","","","Viability","","","X","","X","X","","","","","",2017-02-01,2017-02-21
"581","MD",2017,"X","","","Viability‚Ñ¶","","X","","","X","X","","","","","Notice",2017-02-01,2017-02-21
"582","MA",2017,"X","","","24 weeks","","X","","","X","X","","","","‚ñº","Consent",2017-02-01,2017-02-21
"583","MI",2017,"X","","","Viability‡‚Äã","X","","X","X","X","X","","","X","24","Consent",2017-02-01,2017-02-21
"584","MN",2017,"X","","20 weeks","24 weeks","","X","","","X","Private","","X–§‚Äã","","24","Notice√æ‚Äã",2017-02-01,2017-02-21
"585","MS",2017,"X–§‚Äã","","","20 weeks*","X","","X‚Ñ¶","","X","X","X","","","24","Consent√æ‚Äã",2017-02-01,2017-02-21
"586","MO",2017,"X","Viability","Viability","Viability","‚ñº","","X","X","X","X","","X–§‚Äã","","72","Consent",2017-02-01,2017-02-21
"587","MT",2017,"","","Viability","Viability*","Postviability","X","","","X","Private","","","","‚ñº","‚ñº",2017-02-01,2017-02-21
"588","NE",2017,"X","","","20 weeks*","‚ñº","","X","X","X","X","","","X","24","Consent",2017-02-01,2017-02-21
"589","NV",2017,"X","24 weeks","","24 weeks","","","X","","X","Private","","","","","‚ñº",2017-02-01,2017-02-21
"590","NH",2017,"","","","","X","","X","","","","","","","","Notice",2017-02-01,2017-02-21
"591","NJ",2017,"XŒæ‚Äã","14 weeks","","","‚ñº","X","","","X","Private","","","","","‚ñº",2017-02-01,2017-02-21
"592","NM",2017,"X","","","","Postviability","X","","","X","X","","","","","‚ñº",2017-02-01,2017-02-21
"593","NY",2017,"","","24 weeks","24 weeks‡‚Äã","","X","","","X","","","","","","",2017-02-01,2017-02-21
"594","NC",2017,"X","20 weeks","","20 weeks","","","X","","X","X","","","X","72","Consent",2017-02-01,2017-02-21
"595","ND",2017,"X","","","20 weeks*","X","","X","X","X","X","","","","24","Consent√æ‚Äã",2017-02-01,2017-02-21
"596","OH",2017,"X","Viability","Viability","Viability*","X","","X","","X","X","","","","24","Consent",2017-02-01,2017-02-21
"597","OK",2017,"X","2nd trimester","Viability","20 weeks*","X","","X","X","X","Private","X","X–§‚Äã","","72","Consent and Notice",2017-02-01,2017-02-21
"598","OR",2017,"","","","","","X","","","X","Private","","","","","",2017-02-01,2017-02-21
"599","PA",2017,"X","Viability","Viability","24 weeks*","","","X","","X","Private","","","","24","Consent",2017-02-01,2017-02-21
"600","RI",2017,"","","","24 weeks‡‚Äã","‚ñº","","X","‚ñº","X","","","","","","Consent",2017-02-01,2017-02-21
"601","SC",2017,"X","3rd trimester","3rd trimester","20 weeks*","X","","X","","X","Private","","","","24","Consent",2017-02-01,2017-02-21
"602","SD",2017,"X","24 weeks","","24 weeks","X","","Life Only","","X","X","","X","","72◊","Notice",2017-02-01,2017-02-21
"603","TN",2017,"X","","","Viability","X","","X","","X","X","","","","48","Consent",2017-02-01,2017-02-21
"604","TX",2017,"X","","","20 weeks*","","","X","","X","Private","X","X","X","24","Consent and Notice",2017-02-01,2017-02-21
"605","UT",2017,"X","","","Viability†,‚Ñ¶‚Äã","X","","X*","X","X","Private","","X–§‚Äã","X","72◊‚Äã","Consent and Notice",2017-02-01,2017-02-21
"606","VT",2017,"","","","","","X","","","","","","","","","",2017-02-01,2017-02-21
"607","VA",2017,"X","2nd trimester","Viability","3rd trimester","X","","X‚Ñ¶‚Äã","","X","X","","","","24","Consent and Notice",2017-02-01,2017-02-21
"608","WA",2017,"","","","Viability","","X","","","X","X","","","","","",2017-02-01,2017-02-21
"609","WV",2017,"","","","20 weeks*","‚ñº","X","","","","","","","X","24","NoticeŒæ‚Äã",2017-02-01,2017-02-21
"610","WI",2017,"X","Viability","","Viability","‚ñº","","X*","","X","X","","","","24","ConsentŒæ‚Äã",2017-02-01,2017-02-21
"611","WY",2017,"X","","","Viability","","","X","","X","Private","","","","","Consent and Notice",2017-02-01,2017-02-21
"612","AL",2018,"X","Viability","Viability","20 weeks*","▼","","X","","","","","","","48","Consent",2018-01-01,2018-02-01
"613","AK",2018,"X","","","","▼","X","","","X","Private","X","X","","","▼",2018-01-01,2018-02-01
"614","AZ",2018,"X","Viability","Viability","Viability","X","X","","X","X","X","","","","24","Consent",2018-01-01,2018-02-01
"615","AR",2018,"X","","Viability","20 weeks†","X","","X","","X","X","","XФ","","48","Consent",2018-01-01,2018-02-01
"616","CA",2018,"","","","Viability","","X","","","X","Religious","","","","","▼",2018-01-01,2018-02-01
"617","CO",2018,"","","","","","","X","","","","","","","","Notice",2018-01-01,2018-02-01
"618","CT",2018,"","Viability","","Viability","","X","","","X","","","","","","",2018-01-01,2018-02-01
"619","DE",2018,"X","","","ViabilityΩ","","","X","","X","X","","","","","Noticeξ",2018-01-01,2018-02-01
"620","FL",2018,"X","Viability","24 weeks","24 weeks","▼","","X","","X","X","","","","§","Notice",2018-01-01,2018-02-01
"621","GA",2018,"X","","","20 weeks*","Postviability","","X","","X","X","","X","","24","Notice",2018-01-01,2018-02-01
"622","HI",2018,"Xξ","","","Viability","","X","","","X","X","","","","","",2018-01-01,2018-02-01
"623","ID",2018,"X","Viability","3rd trimester","Viability","▼","","X","X","X","X","","","","24","Consent",2018-01-01,2018-02-01
"624","IL",2018,"Xξ","","Viability","Viability","▼","X","","","X","Private","","","","","Notice",2018-01-01,2018-02-01
"625","IN",2018,"X","20 weeks","20 weeks","20 weeks*","X","","X*","X","X","Private","","X","","18","Consent",2018-01-01,2018-02-01
"626","IA",2018,"X","","","20 weeks*","▼","","X","","X","Private","","","","§","Notice",2018-01-01,2018-02-01
"627","KS",2018,"X","","Viability","20 weeks*","X","","X","X","X","X","X","X","X","24","Consent",2018-01-01,2018-02-01
"628","KY",2018,"X","2nd trimester","","20 weeks*","▼","","X","X","X","X","","","","24","Consent",2018-01-01,2018-02-01
"629","LA",2018,"X","","Viability","20 weeks*","X","","X","","X","X","","X","X","24","Consent",2018-01-01,2018-02-01
"630","ME",2018,"X","","","Viability","","","X","","X","X","","","","","",2018-01-01,2018-02-01
"631","MD",2018,"X","","","ViabilityΩ","","X","","","X","X","","","","","Notice",2018-01-01,2018-02-01
"632","MA",2018,"Xξ","","","24 weeks","","X","","","X","X","","","","▼","Consent",2018-01-01,2018-02-01
"633","MI",2018,"X","","","Viability‡","X","","X","X","X","X","","","X","24","Consent",2018-01-01,2018-02-01
"634","MN",2018,"X","","20 weeks","Viability","","X","","","X","Private","","XФ","","24","Noticeþ",2018-01-01,2018-02-01
"635","MS",2018,"XФ","","","20 weeks*","X","","XΩ","","X","X","X","","","24","Consentþ",2018-01-01,2018-02-01
"636","MO",2018,"X","Viability","Viability","Viability","▼","","X","X","X","X","","XФ","","72","Consent",2018-01-01,2018-02-01
"637","MT",2018,"","","Viability","Viability*","Postviability","X","","","X","Private","","","","▼","▼",2018-01-01,2018-02-01
"638","NE",2018,"X","","","20 weeks*","▼","","X","X","X","X","","","X","24","Consent",2018-01-01,2018-02-01
"639","NV",2018,"X","24 weeks","","24 weeks","","","X","","X","Private","","","","","▼",2018-01-01,2018-02-01
"640","NH",2018,"","","","","X","","X","","","","","","","","Notice",2018-01-01,2018-02-01
"641","NJ",2018,"Xξ","14 weeks","","","▼","X","","","X","Private","","","","","▼",2018-01-01,2018-02-01
"642","NM",2018,"Xξ","","","","Postviability","X","","","X","X","","","","","▼",2018-01-01,2018-02-01
"643","NY",2018,"Xξ","","24 weeks","24 weeks‡","","X","","","X","","","","","","",2018-01-01,2018-02-01
"644","NC",2018,"X","20 weeks","","20 weeks","","","X","","X","X","","","X","72","Consent",2018-01-01,2018-02-01
"645","ND",2018,"X","","","20 weeks*","X","","X","X","X","X","","","","24","Consentþ",2018-01-01,2018-02-01
"646","OH",2018,"X","20 weeks","20 weeks","20 weeks*","X","","X","","X","X","","","","24","Consent",2018-01-01,2018-02-01
"647","OK",2018,"X","2nd trimester","Viability","20 weeks*","X","","X","X","X","Private","X","XФ","","72","Consent and Notice",2018-01-01,2018-02-01
"648","OR",2018,"","","","","","X","","","X","Private","","","","","",2018-01-01,2018-02-01
"649","PA",2018,"X","Viability","Viability","24 weeks*","","","X","","X","Private","","","","24","Consent",2018-01-01,2018-02-01
"650","RI",2018,"","","","24 weeks‡","▼","","X","▼","X","","","","","","Consent",2018-01-01,2018-02-01
"651","SC",2018,"X","3rd trimester","3rd trimester","20 weeks*","X","","X","","X","Private","","","","24","Consent",2018-01-01,2018-02-01
"652","SD",2018,"X","24 weeks","","20 weeks*","X","","Life Only","","X","X","","X","X","72◊","Notice",2018-01-01,2018-02-01
"653","TN",2018,"X","Viability","Viability","Viability*","X","","X","","X","X","","","","48","Consent",2018-01-01,2018-02-01
"654","TX",2018,"X","","","20 weeks*","X","","X","","X","Private","X","X","X","24","Consent and Notice",2018-01-01,2018-02-01
"655","UT",2018,"X","","","Viability†,Ω","X","","X*","X","X","Private","","XФ","","72◊","Consent and Notice",2018-01-01,2018-02-01
"656","VT",2018,"","","","","","X","","","","","","","","","",2018-01-01,2018-02-01
"657","VA",2018,"X","2nd trimester","Viability","3rd trimester","X","","XΩ","","X","X","","","","24","Consent and Notice",2018-01-01,2018-02-01
"658","WA",2018,"Xξ","","","Viability","","X","","","X","X","","","","","",2018-01-01,2018-02-01
"659","WV",2018,"","","","20 weeks*","▼","X","","","","","","","X","24","Noticeξ",2018-01-01,2018-02-01
"660","WI",2018,"X","Viability","","20 weeks*","▼","","X*","","X","X","","X","","24","Consentξ",2018-01-01,2018-02-01
"661","WY",2018,"X","","","Viability","","","X","","X","Private","","","","","Consent and Notice",2018-01-01,2018-02-01
"662","AL",2019,"X","Viability","Viability","20 weeks*","▼","","X","","","","","","","48","Consent",2019-01-01,2019-01-31
"663","AK",2019,"X","","","","▼","X","","","X","Private","X","X","","","▼",2019-01-01,2019-01-31
"664","AZ",2019,"X","Viability","Viability","Viability","X","X","","X","X","X","","","","24","Consent",2019-01-01,2019-01-31
"665","AR",2019,"X","","Viability","20 weeks†","X","","X","","X","X","","XФ","","48","Consent",2019-01-01,2019-01-31
"666","CA",2019,"","","","Viability","","X","","","X","Religious","","","","","▼",2019-01-01,2019-01-31
"667","CO",2019,"","","","","","","X","","","","","","","","Notice",2019-01-01,2019-01-31
"668","CT",2019,"","Viability","","Viability","","X","","","X","","","","","","",2019-01-01,2019-01-31
"669","DE",2019,"X","","","ViabilityΩ","","","X","","X","X","","","","","Noticeξ",2019-01-01,2019-01-31
"670","FL",2019,"X","Viability","24 weeks","24 weeks","▼","","X","","X","X","","","","▼","Notice",2019-01-01,2019-01-31
"671","GA",2019,"X","","","20 weeks*","Postviability","","X","","X","X","","X","","24","Notice",2019-01-01,2019-01-31
"672","HI",2019,"Xξ","","","Viability","","X","","","X","X","","","","","",2019-01-01,2019-01-31
"673","ID",2019,"X","Viability","3rd trimester","Viability","▼","","X","X","X","X","","","","24","Consent",2019-01-01,2019-01-31
"674","IL",2019,"Xξ","","Viability","Viability","▼","X","","","X","Private","","","","","Notice",2019-01-01,2019-01-31
"675","IN",2019,"X","20 weeks","20 weeks","20 weeks*","X","","X*","X","X","Private","","X","","18","Consent",2019-01-01,2019-01-31
"676","IA",2019,"X","","","20 weeks*","▼","","X","","X","Private","","","","§","Notice",2019-01-01,2019-01-31
"677","KS",2019,"X","","Viability","20 weeks*","X","","X","X","X","X","X","X","X","24","Consent",2019-01-01,2019-01-31
"678","KY",2019,"X","2nd trimester","","20 weeks*","▼","","X","X","X","X","","","","24","Consent",2019-01-01,2019-01-31
"679","LA",2019,"X","","Viability","20 weeks*","X","","X","","X","X","","X","X","24","Consent",2019-01-01,2019-01-31
"680","ME",2019,"X","","","Viability","","","X","","X","X","","","","","",2019-01-01,2019-01-31
"681","MD",2019,"X","","","ViabilityΩ","","X","","","X","X","","","","","Notice",2019-01-01,2019-01-31
"682","MA",2019,"Xξ","","","24 weeks","","X","","","X","X","","","","▼","Consent",2019-01-01,2019-01-31
"683","MI",2019,"X","","","Viability‡","X","","X","X","X","X","","","X","24","Consent",2019-01-01,2019-01-31
"684","MN",2019,"X","","20 weeks","Viability","","X","","","X","Private","","XФ","","24","Noticeþ",2019-01-01,2019-01-31
"685","MS",2019,"XФ","","","20 weeks*, €","X","","XΩ","","X","X","X","","","24","Consentþ",2019-01-01,2019-01-31
"686","MO",2019,"X","Viability","Viability","Viability","▼","","X","X","X","X","","XФ","","72","Consent",2019-01-01,2019-01-31
"687","MT",2019,"","","Viability","Viability*","Postviability","X","","","X","Private","","","","▼","▼",2019-01-01,2019-01-31
"688","NE",2019,"X","","","20 weeks*","▼","","X","X","X","X","","","X","24","Consent",2019-01-01,2019-01-31
"689","NV",2019,"X","24 weeks","","24 weeks","","","X","","X","Private","","","","","▼",2019-01-01,2019-01-31
"690","NH",2019,"","","","","X","","X","","","","","","","","Notice",2019-01-01,2019-01-31
"691","NJ",2019,"Xξ","14 weeks","","","▼","X","","","X","Private","","","","","▼",2019-01-01,2019-01-31
"692","NM",2019,"Xξ","","","","Postviability","X","","","X","X","","","","","▼",2019-01-01,2019-01-31
"693","NY",2019,"Xξ","","24 weeks","24 weeks‡","","X","","","X","","","","","","",2019-01-01,2019-01-31
"694","NC",2019,"X","20 weeks","","20 weeks","","","X","","X","X","","","X","72","Consent",2019-01-01,2019-01-31
"695","ND",2019,"X","","","20 weeks*","X","","X","X","X","X","","","","24","Consentþ",2019-01-01,2019-01-31
"696","OH",2019,"X","20 weeks","20 weeks","20 weeks*","X","","X","","X","X","","","","24","Consent",2019-01-01,2019-01-31
"697","OK",2019,"X","2nd trimester","Viability","20 weeks*","X","","X","X","X","Private","X","XФ","","72","Consent and Notice",2019-01-01,2019-01-31
"698","OR",2019,"","","","","","X","","","X","Private","","","","","",2019-01-01,2019-01-31
"699","PA",2019,"X","Viability","Viability","24 weeks*","","","X","","X","Private","","","","24","Consent",2019-01-01,2019-01-31
"700","RI",2019,"Xξ","","","24 weeks‡","▼","","X","▼","X","","","","","","Consent",2019-01-01,2019-01-31
"701","SC",2019,"X","3rd trimester","3rd trimester","20 weeks*","X","","X","","X","Private","","","","24","Consent",2019-01-01,2019-01-31
"702","SD",2019,"X","24 weeks","","20 weeks*","X","","Life Only","","X","X","","X","X","72◊","Notice",2019-01-01,2019-01-31
"703","TN",2019,"X","Viability","Viability","Viability*","X","","X","","X","X","","","","48","Consent",2019-01-01,2019-01-31
"704","TX",2019,"X","","","20 weeks*","X","","X","","X","Private","X","X","X","24","Consent and Notice",2019-01-01,2019-01-31
"705","UT",2019,"X","","","Viability†,Ω","X","","X*","X","X","Private","","XФ","","72◊","Consent and Notice",2019-01-01,2019-01-31
"706","VT",2019,"","","","","","X","","","","","","","","","",2019-01-01,2019-01-31
"707","VA",2019,"X","2nd trimester","Viability","3rd trimester","X","","XΩ","","X","X","","","","24","Consent and Notice",2019-01-01,2019-01-31
"708","WA",2019,"Xξ","","","Viability","","X","","","X","X","","","","","",2019-01-01,2019-01-31
"709","WV",2019,"","","","20 weeks*","▼","","X* ,Ω","","","","","","X","24","Noticeξ",2019-01-01,2019-01-31
"710","WI",2019,"X","Viability","","20 weeks*","▼","","X*","","X","X","","X","","24","Consentξ",2019-01-01,2019-01-31
"711","WY",2019,"X","","","Viability","","","X","","X","Private","","","","","Consent and Notice",2019-01-01,2019-01-31
"712","AL",2020,"X","Viability","Viability","20 weeks*","▼","","X","","","","","","","48","Consent",2020-01-01,2020-01-26
"713","AK",2020,"X","","","","▼","X","","","X","Private","X","X","","","▼",2020-01-01,2020-01-26
"714","AZ",2020,"X","Viability","Viability","Viability","X","","ϴ","X","X","X","","","","24","Consent",2020-01-01,2020-01-26
"715","AR",2020,"X","","Viability","20 weeks†","X","","X","","X","X","","XФ","","72","Consent",2020-01-01,2020-01-26
"716","CA",2020,"","","","Viability","","X","","","X","Religious","","","","","▼",2020-01-01,2020-01-26
"717","CO",2020,"","","","","","","X","","","","","","","","Notice",2020-01-01,2020-01-26
"718","CT",2020,"","Viability","","Viability","","X","","","X","","","","","","",2020-01-01,2020-01-26
"719","DE",2020,"X","","","ViabilityΩ","","","X","","X","X","","","","","Noticeξ",2020-01-01,2020-01-26
"720","FL",2020,"X","Viability","24 weeks","24 weeks","▼","","X","","X","X","","","","▼","Notice",2020-01-01,2020-01-26
"721","GA",2020,"X","","","20 weeks*","Postviability","","X","","X","X","","X","","24","Notice",2020-01-01,2020-01-26
"722","HI",2020,"Xξ","","","Viability","","X","","","X","X","","","","","",2020-01-01,2020-01-26
"723","ID",2020,"X","Viability","3rd trimester","Viability","▼","","X","X","X","X","","","","24","Consent",2020-01-01,2020-01-26
"724","IL",2020,"","","","Viability","","X","","","X","Private","","","","","Notice",2020-01-01,2020-01-26
"725","IN",2020,"X","20 weeks","20 weeks","20 weeks*","X","","X*","X","X","Private","","X","","18","Consent",2020-01-01,2020-01-26
"726","IA",2020,"X","","","20 weeks*","▼","","X","","X","Private","","","","§","Notice",2020-01-01,2020-01-26
"727","KS",2020,"X","","Viability","20 weeks*","X","","X","X","X","X","X","X","X","24","Consent",2020-01-01,2020-01-26
"728","KY",2020,"X","2nd trimester","","20 weeks*","▼","","X","X","X","X","","","","24","Consent",2020-01-01,2020-01-26
"729","LA",2020,"X","","Viability","20 weeks*","X","","X","","X","X","","X","X","24","Consent",2020-01-01,2020-01-26
"730","ME",2020,"","","","Viability","","X","","","X","X","","","","","",2020-01-01,2020-01-26
"731","MD",2020,"X","","","ViabilityΩ","","X","","","X","X","","","","","Noticeξ",2020-01-01,2020-01-26
"732","MA",2020,"Xξ","","","24 weeks","","X","","","X","X","","","","▼","Consent",2020-01-01,2020-01-26
"733","MI",2020,"X","","","Viability‡","X","","X","X","X","X","","","X","24","Consent",2020-01-01,2020-01-26
"734","MN",2020,"X","","20 weeks","Viability","","X","","","X","Private","","XФ","","24","Noticeþ",2020-01-01,2020-01-26
"735","MS",2020,"XФ","","","20 weeks*, €","X","","XΩ","","X","X","X","","","24","Consentþ",2020-01-01,2020-01-26
"736","MO",2020,"X","Viability","Viability","Viability","X","","X","X","X","X","","XФ","","72","Consent",2020-01-01,2020-01-26
"737","MT",2020,"","","Viability","Viability*","Postviability","X","","","X","Private","","","","▼","▼",2020-01-01,2020-01-26
"738","NE",2020,"X","","","20 weeks*","▼","","X","X","X","X","","","X","24","Consent",2020-01-01,2020-01-26
"739","NV",2020,"X","24 weeks","","24 weeks","","","X","","X","Private","","","","","▼",2020-01-01,2020-01-26
"740","NH",2020,"","","","","X","","X","","","","","","","","Notice",2020-01-01,2020-01-26
"741","NJ",2020,"Xξ","14 weeks","","","▼","X","","","X","Private","","","","","▼",2020-01-01,2020-01-26
"742","NM",2020,"Xξ","","","","Postviability","X","","","X","X","","","","","▼",2020-01-01,2020-01-26
"743","NY",2020,"Xξ","","","ViabilityΩ","","X","","","X","","","","","","",2020-01-01,2020-01-26
"744","NC",2020,"X","20 weeks","","Viability*","","","X","","X","X","","","X","72","Consent",2020-01-01,2020-01-26
"745","ND",2020,"X","","","20 weeks*","X","","X","X","X","X","","","","24","Consentþ",2020-01-01,2020-01-26
"746","OH",2020,"X","20 weeks","20 weeks","20 weeks*","X","","X","","X","X","","","","24","Consent",2020-01-01,2020-01-26
"747","OK",2020,"X","2nd trimester","Viability","20 weeks*","X","","X","X","X","Private","X","XФ","","72","Consent and Notice",2020-01-01,2020-01-26
"748","OR",2020,"","","","","","X","","","X","Private","","","","","",2020-01-01,2020-01-26
"749","PA",2020,"X","Viability","Viability","24 weeks*","","","X","","X","Private","","","","24","Consent",2020-01-01,2020-01-26
"750","RI",2020,"Xξ","","","Viability","▼","","X","","X","","","","","","Consent",2020-01-01,2020-01-26
"751","SC",2020,"X","3rd trimester","3rd trimester","20 weeks*","X","","X","","X","Private","","","","24","Consent",2020-01-01,2020-01-26
"752","SD",2020,"X","24 weeks","","20 weeks*","X","","Life Only","","X","X","","X","X","72◊","Notice",2020-01-01,2020-01-26
"753","TN",2020,"X","Viability","Viability","Viability*","X","","X","","X","X","","","","48","Consent",2020-01-01,2020-01-26
"754","TX",2020,"X","","","20 weeks*","X","","X","X","X","Private","X","X","X","24","Consent and Notice",2020-01-01,2020-01-26
"755","UT",2020,"X","","","Viability†,Ω","X","","X*","X","X","Private","","XФ","","72◊","Consent and Notice",2020-01-01,2020-01-26
"756","VT",2020,"","","","","","X","","","","","","","","","",2020-01-01,2020-01-26
"757","VA",2020,"X","2nd trimester","Viability","3rd trimester","X","","XΩ","","X","X","","","","24","Consent and Notice",2020-01-01,2020-01-26
"758","WA",2020,"Xξ","","","Viability","","X","","","X","X","","","","","",2020-01-01,2020-01-26
"759","WV",2020,"","","","20 weeks*","▼","","X* ,Ω","","","","","","X","24","Noticeξ",2020-01-01,2020-01-26
"760","WI",2020,"X","Viability","","20 weeks*","▼","","X*","","X","X","","X","","24","Consentξ",2020-01-01,2020-01-26
"761","WY",2020,"X","","","Viability","","","X","","X","Private","","","","","Consent and Notice",2020-01-01,2020-01-26
"762","AL",2021,"X","Viability","Viability","20 weeks*","▼","","X","","","","","","","48","Consent",2021-01-01,2021-01-29
"763","AK",2021,"X","","","","▼","X","","","X","Private","X","X","","","▼",2021-01-01,2021-01-29
"764","AZ",2021,"X","Viability","Viability","Viability","X","","ϴ","X","X","X","","","","24","Consent",2021-01-01,2021-01-29
"765","AR",2021,"X","","Viability","20 weeks†","X","","X","","X","X","","XФ","","72","Consent",2021-01-01,2021-01-29
"766","CA",2021,"","","","Viability","","X","","","X","Religious","","","","","▼",2021-01-01,2021-01-29
"767","CO",2021,"","","","","","","X","","","","","","","","Notice",2021-01-01,2021-01-29
"768","CT",2021,"","Viability","","Viability","","X","","","X","","","","","","",2021-01-01,2021-01-29
"769","DE",2021,"X","","","ViabilityΩ","","","X","","X","X","","","","","Noticeξ",2021-01-01,2021-01-29
"770","FL",2021,"X","Viability","24 weeks","24 weeks","▼","","X","","X","X","","","","▼","Consent and Notice",2021-01-01,2021-01-29
"771","GA",2021,"X","","","20 weeks*","Postviability","","X","","X","X","","X","","24","Notice",2021-01-01,2021-01-29
"772","HI",2021,"Xξ","","","Viability","","X","","","X","X","","","","","",2021-01-01,2021-01-29
"773","ID",2021,"X","Viability","3rd trimester","Viability","▼","","X","X","X","X","","","","24","Consent",2021-01-01,2021-01-29
"774","IL",2021,"","","","Viability","","X","","","X","Private","","","","","Notice",2021-01-01,2021-01-29
"775","IN",2021,"X","20 weeks","20 weeks","20 weeks*","X","","X*","X","X","Private","","X","","18","Consent",2021-01-01,2021-01-29
"776","IA",2021,"X","","","20 weeks*","▼","","X","","X","Private","","","","§","Notice",2021-01-01,2021-01-29
"777","KS",2021,"X","","Viability","20 weeks*","X","","X","X","X","X","X","X","X","24","Consent",2021-01-01,2021-01-29
"778","KY",2021,"X","2nd trimester","","20 weeks*","▼","","X","X","X","X","","","","24","Consent",2021-01-01,2021-01-29
"779","LA",2021,"X","","Viability","20 weeks*","X","","X","","X","X","","X","X","24","Consent",2021-01-01,2021-01-29
"780","ME",2021,"","","","Viability","","X","","","X","X","","","","","",2021-01-01,2021-01-29
"781","MD",2021,"X","","","ViabilityΩ","","X","","","X","X","","","","","Noticeξ",2021-01-01,2021-01-29
"782","MA",2021,"","","","24 weeksΩ","","X","","","X","X","","","","","Consentβ",2021-01-01,2021-01-29
"783","MI",2021,"X","","","Viability‡","X","","X","X","X","X","","","X","24","Consent",2021-01-01,2021-01-29
"784","MN",2021,"X","","20 weeks","Viability","","X","","","X","Private","","XФ","","24","Noticeþ",2021-01-01,2021-01-29
"785","MS",2021,"XФ","","","20 weeks*, €","X","","XΩ","","X","X","X","","","24","Consentþ",2021-01-01,2021-01-29
"786","MO",2021,"X","Viability","Viability","Viability","X","","X","X","X","X","","XФ","","72","Consent",2021-01-01,2021-01-29
"787","MT",2021,"","","Viability","Viability*","Postviability","X","","","X","Private","","","","▼","▼",2021-01-01,2021-01-29
"788","NE",2021,"X","","","20 weeks*","▼","","X","X","X","X","","","X","24","Consent",2021-01-01,2021-01-29
"789","NV",2021,"X","24 weeks","","24 weeks","","","X","","X","Private","","","","","▼",2021-01-01,2021-01-29
"790","NH",2021,"","","","","X","","X","","","","","","","","Notice",2021-01-01,2021-01-29
"791","NJ",2021,"Xξ","14 weeks","","","▼","X","","","X","Private","","","","","▼",2021-01-01,2021-01-29
"792","NM",2021,"Xξ","","","","Postviability","X","","","X","X","","","","","▼",2021-01-01,2021-01-29
"793","NY",2021,"Xξ","","","ViabilityΩ","","X","","","X","","","","","","",2021-01-01,2021-01-29
"794","NC",2021,"X","20 weeks","","Viability*","","","X","","X","X","","","X","72","Consent",2021-01-01,2021-01-29
"795","ND",2021,"X","","","20 weeks*","X","","X","X","X","X","","","","24","Consentþ",2021-01-01,2021-01-29
"796","OH",2021,"X","20 weeks","20 weeks","20 weeks*","X","","X","","X","X","","","","24","Consent",2021-01-01,2021-01-29
"797","OK",2021,"X","2nd trimester","Viability","20 weeks*","X","","X","X","X","Private","X","XФ","","72","Consent and Notice",2021-01-01,2021-01-29
"798","OR",2021,"","","","","","X","","","X","Private","","","","","",2021-01-01,2021-01-29
"799","PA",2021,"X","Viability","Viability","24 weeks*","","","X","","X","Private","","","","24","Consent",2021-01-01,2021-01-29
"800","RI",2021,"Xξ","","","Viability","▼","","X","","X","","","","","","Consent",2021-01-01,2021-01-29
"801","SC",2021,"X","3rd trimester","3rd trimester","20 weeks*","X","","X","","X","Private","","","","24","Consent",2021-01-01,2021-01-29
"802","SD",2021,"X","24 weeks","","20 weeks*","X","","Life Only","","X","X","","X","X","72◊","Notice",2021-01-01,2021-01-29
"803","TN",2021,"X","Viability","Viability","Viability*","X","","X","","X","X","","","","▼","Consent",2021-01-01,2021-01-29
"804","TX",2021,"X","","","20 weeks*","X","","X","X","X","Private","X","X","X","24","Consent and Notice",2021-01-01,2021-01-29
"805","UT",2021,"X","","","Viability†,Ω","X","","X*","X","X","Private","","XФ","","72◊","Consent and Notice",2021-01-01,2021-01-29
"806","VT",2021,"","","","","","X","","","","","","","","","",2021-01-01,2021-01-29
"807","VA",2021,"","2nd trimester","Viability","3rd trimester","X","","XΩ","","X","X","","","","","Consent and Notice",2021-01-01,2021-01-29
"808","WA",2021,"X","","","Viability","","X","","","X","X","","","","","",2021-01-01,2021-01-29
"809","WV",2021,"","","","20 weeks*","▼","","X* ,Ω","","","","","","X","24","Noticeξ",2021-01-01,2021-01-29
"810","WI",2021,"X","Viability","","20 weeks*","▼","","X*","","X","X","","X","","24","Consentξ",2021-01-01,2021-01-29
"811","WY",2021,"X","","","Viability","","","X","","X","Private","","","","","Consent and Notice",2021-01-01,2021-01-29
"812","AL",2022,"X","Viability","Viability","20 weeks*","▼","","X","","","","","","","48","Consent",2022-01-01,2022-01-27
"813","AK",2022,"X","","","","▼","X","","","X","Private","X","X","","","▼",2022-01-01,2022-01-27
"814","AZ",2022,"X","Viability","Viability","Viability","X","","ϴ","X","X","X","","","","24","Consent",2022-01-01,2022-01-27
"815","AR",2022,"X","","Viability","20 weeks†","X","","X","","X","X","","XФ","","72","Consent",2022-01-01,2022-01-27
"816","CA",2022,"","","","Viability","","X","","","X","Religious","","","","","▼",2022-01-01,2022-01-27
"817","CO",2022,"","","","","","","X","","","","","","","","Notice",2022-01-01,2022-01-27
"818","CT",2022,"","Viability","","Viability","","X","","","X","","","","","","",2022-01-01,2022-01-27
"819","DE",2022,"X","","","ViabilityΩ","","","X","","X","X","","","","","Noticeξ",2022-01-01,2022-01-27
"820","FL",2022,"X","Viability","24 weeks","24 weeks","▼","","X","","X","X","","","","▼","Consent and Notice",2022-01-01,2022-01-27
"821","GA",2022,"X","","","20 weeks*","Postviability","","X","","X","X","","X","","24","Notice",2022-01-01,2022-01-27
"822","HI",2022,"","","","Viability","","X","","","X","X","","","","","",2022-01-01,2022-01-27
"823","ID",2022,"X","Viability","3rd trimester","Viability","▼","","X","X","X","X","","","","24","Consent",2022-01-01,2022-01-27
"824","IL",2022,"","","","Viability","","X","","","X","Private","","","","","Notice",2022-01-01,2022-01-27
"825","IN",2022,"X","20 weeks","20 weeks","20 weeks*","X","","X*","X","X","Private","","X","","18","Consent",2022-01-01,2022-01-27
"826","IA",2022,"X","","","20 weeks*","▼","","X","","X","Private","","","","§","Notice",2022-01-01,2022-01-27
"827","KS",2022,"X","","Viability","20 weeks*","X","","X","X","X","X","X","X","X","24","Consent",2022-01-01,2022-01-27
"828","KY",2022,"X","2nd trimester","","20 weeks*","▼","","X","X","X","X","","","","24","Consent",2022-01-01,2022-01-27
"829","LA",2022,"X","","Viability","20 weeks*","X","","X","","X","X","","X","X","24","Consent",2022-01-01,2022-01-27
"830","ME",2022,"","","","Viability","","X","","","X","X","","","","","",2022-01-01,2022-01-27
"831","MD",2022,"X","","","ViabilityΩ","","X","","","X","X","","","","","Noticeξ",2022-01-01,2022-01-27
"832","MA",2022,"","","","24 weeksΩ","","X","","","X","X","","","","","Consentβ",2022-01-01,2022-01-27
"833","MI",2022,"X","","","Viability‡","X","","X","X","X","X","","","X","24","Consent",2022-01-01,2022-01-27
"834","MN",2022,"X","","20 weeks","Viability","","X","","","X","Private","","XФ","","24","Noticeþ",2022-01-01,2022-01-27
"835","MS",2022,"XФ","","","20 weeks*, €","X","","XΩ","","X","X","X","","","24","Consentþ",2022-01-01,2022-01-27
"836","MO",2022,"X","Viability","Viability","Viability","X","","X","X","X","X","","XФ","","72","Consent",2022-01-01,2022-01-27
"837","MT",2022,"","","Viability","Viability*","Postviability","X","","","X","Private","","","","▼","▼",2022-01-01,2022-01-27
"838","NE",2022,"X","","","20 weeks*","▼","","X","X","X","X","","","X","24","Consent",2022-01-01,2022-01-27
"839","NV",2022,"X","24 weeks","","24 weeks","","","X","","X","Private","","","","","▼",2022-01-01,2022-01-27
"840","NH",2022,"","","","","X","","X","","","","","","","","Notice",2022-01-01,2022-01-27
"841","NJ",2022,"Xξ","14 weeks","","","▼","X","","","X","Private","","","","","▼",2022-01-01,2022-01-27
"842","NM",2022,"Xξ","","","","Postviability","X","","","X","X","","","","","▼",2022-01-01,2022-01-27
"843","NY",2022,"Xξ","","","ViabilityΩ","","X","","","X","","","","","","",2022-01-01,2022-01-27
"844","NC",2022,"X","20 weeks","","Viability*","","","X","","X","X","","","X","72","Consent",2022-01-01,2022-01-27
"845","ND",2022,"X","","","20 weeks*","X","","X","X","X","X","","","","24","Consentþ",2022-01-01,2022-01-27
"846","OH",2022,"X","20 weeks","20 weeks","20 weeks*","X","","X","","X","X","","","","24","Consent",2022-01-01,2022-01-27
"847","OK",2022,"X","2nd trimester","Viability","20 weeks*","X","","X","X","X","Private","X","XФ","","72","Consent and Notice",2022-01-01,2022-01-27
"848","OR",2022,"","","","","","X","","","X","Private","","","","","",2022-01-01,2022-01-27
"849","PA",2022,"X","Viability","Viability","24 weeks*","","","X","","X","Private","","","","24","Consent",2022-01-01,2022-01-27
"850","RI",2022,"Xξ","","","Viability","▼","","X","","X","","","","","","Consent",2022-01-01,2022-01-27
"851","SC",2022,"X","3rd trimester","3rd trimester","20 weeks*","X","","X","","X","Private","","","","24","Consent",2022-01-01,2022-01-27
"852","SD",2022,"X","24 weeks","","20 weeks*","X","","Life Only","","X","X","","X","X","72◊","Notice",2022-01-01,2022-01-27
"853","TN",2022,"X","Viability","Viability","Viability*","X","","X","","X","X","","","","▼","Consent",2022-01-01,2022-01-27
"854","TX",2022,"X","","","20 weeks*","X","","X","X","X","Private","X","X","X","24","Consent and Notice",2022-01-01,2022-01-27
"855","UT",2022,"X","","","Viability†,Ω","X","","X*","X","X","Private","","XФ","","72◊","Consent and Notice",2022-01-01,2022-01-27
"856","VT",2022,"","","","","","X","","","","","","","","","",2022-01-01,2022-01-27
"857","VA",2022,"","2nd trimester","Viability","3rd trimester","X","","XΩ","","X","X","","","","","Consent and Notice",2022-01-01,2022-01-27
"858","WA",2022,"","","","Viability","","X","","","X","X","","","","","",2022-01-01,2022-01-27
"859","WV",2022,"","","","20 weeks*","▼","","X* ,Ω","","","","","","X","24","Noticeξ",2022-01-01,2022-01-27
"860","WI",2022,"X","Viability","","20 weeks*","▼","","X*","","X","X","","X","","24","Consentξ",2022-01-01,2022-01-27
"861","WY",2022,"X","","","Viability","","","X","","X","Private","","","","","Consent and Notice",2022-01-01,2022-01-27
